path,suffix,bytes,modified_utc,sha256,manifest_run_id,artifact_run_id,generated_in_current_run,run_association
captions_manifest.jsonl,.jsonl,47901,2026-05-29T18:20:20.266331+00:00,ea7b730685df35678b633b5a0bbd47bef8d4b5e845422e8aa89ac02a6038dd1e,20260603T123439Z,,False,preexisting_or_unknown
csv\hex_outline\13_hollow_hex_outline_checkpoint.csv,.csv,2477,2026-06-02T14:21:37.579164+00:00,8d2a5058c65baf7f3f017610def7df71f6b29162171e4e20a72a5dcd27d699b5,20260603T123439Z,,False,preexisting_or_unknown
csv\hex_outline\14_hexlike_transient_vs_outline.csv,.csv,1140,2026-06-02T14:30:12.890777+00:00,ae0f179e3a0dc40a47c93b522ed3fa1db333ad090e07ce64dcdb60ea4ed41883,20260603T123439Z,,False,preexisting_or_unknown
csv\hex_outline\15_hybrid_transient_seed_lab_gate.csv,.csv,2553,2026-06-02T15:51:50.267945+00:00,61f831c095e0fd59d9c3175ff56cae2fae28119b181158cdc37fb8bf9687ab19,20260603T123439Z,,False,preexisting_or_unknown
csv\hex_outline\16_hex_bessel_like_summary.csv,.csv,550,2026-06-02T16:06:46.275805+00:00,25a733119bc86f84aae76d3f0799b76b9e756c4da265ceaa264e4f44970aced6,20260603T123439Z,,False,preexisting_or_unknown
csv\hex_outline\16_hex_bessel_like_z_profile.csv,.csv,7845,2026-06-02T16:06:46.287332+00:00,e01848be121708bb5cfdeb29bfbd6c97df431e8958bfa1561a095719f8e28d87,20260603T123439Z,,False,preexisting_or_unknown
csv\hex_outline\17_zernike_hex_bessel_sweep.csv,.csv,14912,2026-06-02T16:26:56.498987+00:00,5c2dbc84c92b2e504b25fb518592112044c1667345e8c415e1ed9a33ed811a3e,20260603T123439Z,,False,preexisting_or_unknown
csv\interface_correction\08_interface_ell3_variant_metrics.csv,.csv,1293,2026-05-29T12:15:54.046000+00:00,16bd0defd44b075368983f015e92aaeca71a25754b8ca6bdd4ab318b2639e70e,20260603T123439Z,,False,preexisting_or_unknown
csv\interface_correction\08_interface_recover_no_interface_table.csv,.csv,951,2026-05-29T12:16:28.012272+00:00,40b99b7d3ba6382889844bdad962d760f8f1952c1279c9f5cd8ca6aafe86af7f,20260603T123439Z,,False,preexisting_or_unknown
csv\polarized_train\12_polarized_train_acceptance_summary.csv,.csv,284,2026-05-29T18:20:20.163350+00:00,e511fdeb95fd73c188902df4d8365dc1d6201dfe99717021ab067ec7458d00b9,20260603T123439Z,,False,preexisting_or_unknown
csv\polarized_train\12_polarized_train_fair_ideal_lab_delta.csv,.csv,7427,2026-05-29T18:20:18.922147+00:00,4bd41584b1ced5433972a430862d6c69f320ba4a79eed1d6b482001543c486b9,20260603T123439Z,,False,preexisting_or_unknown
csv\polarized_train\12_polarized_train_ideal_lab_metrics.csv,.csv,1088,2026-05-29T18:20:18.908718+00:00,9535d515cfc817eca1f9cfe87a6d9cae363d6910618a514a30e453bad5753f19,20260603T123439Z,,False,preexisting_or_unknown
csv\polarized_train\12_polarized_train_mechanism_gate.csv,.csv,1106,2026-05-29T18:20:18.908718+00:00,7b39a7e89779f42f10734f8d346fd8e0c71085021759c7205c01666d24595dce,20260603T123439Z,,False,preexisting_or_unknown
csv\polygonal_hex_ring\11_polygonal_hex_ring_acceptance_metrics.csv,.csv,1004,2026-05-29T17:00:52.041800+00:00,b096fb107e3e1d432cf66e1ed6fc64ded4a7785feda3cc1b33fd49f5506d9bbc,20260603T123439Z,,False,preexisting_or_unknown
csv\polygonal_hex_ring\11_polygonal_hex_ring_materials_proxy.csv,.csv,244,2026-05-29T17:00:53.449406+00:00,d90d77f3a2b92e1eca3b8f218f8ba149105717854107b497d4e923e1fa1597c0,20260603T123439Z,,False,preexisting_or_unknown
csv\polygonal_hex_ring\11_polygonal_hex_ring_z_stability.csv,.csv,6598,2026-05-29T17:00:53.438618+00:00,8122efd95d452d8c190f0a72d72040d1f08ff4391c7e42a98c324d08335e2600,20260603T123439Z,,False,preexisting_or_unknown
csv\polygonal_hex_ring\12_hollow_hex_sidelobe_ideal_sweep.csv,.csv,22669,2026-06-02T14:00:46.823828+00:00,98282ee9e4c4115666f91d4c86c9452eb36ea091e25c9494d5fe6daa006f3b5a,20260603T123439Z,,False,preexisting_or_unknown
csv\polygonal_hex_ring\12_hollow_hex_sidelobe_lab_shortlist.csv,.csv,4146,2026-06-02T14:08:43.717897+00:00,28e5e611bc0c678a7920cf8411fd337d7f6cf7295c346f3f05386d5bfca380f1,20260603T123439Z,,False,preexisting_or_unknown
csv\publication_study\00_theory_document_index.csv,.csv,683,2026-06-03T12:34:53.919182+00:00,2d069f8ed7fad8b3991d34f30695e446b407b5be520e66100e7b67f6a03432dc,20260603T123439Z,20260603T123439Z,True,current_run
csv\publication_study\03_sweep_device_realism_publication.csv,.csv,7812,2026-05-29T01:00:59.354992+00:00,37cb6e6e11d52b3f68bda49e0787956c2606e8a463e4b7012170de1fa026958a,20260603T123439Z,,False,preexisting_or_unknown
csv\publication_study\03_sweep_ell_family_publication.csv,.csv,8750,2026-05-29T01:00:59.353294+00:00,2aa5e4ad0b267156eb0494be9b60a54b0bd4ae13e3b4e5764a6e5077ac2099a1,20260603T123439Z,,False,preexisting_or_unknown
csv\publication_study\03_sweep_interface_depth_publication.csv,.csv,12412,2026-05-29T01:00:59.356992+00:00,0afb332147005bde5b884746c3cb37cc18fe001d7181379de4a226c13746a86e,20260603T123439Z,,False,preexisting_or_unknown
csv\publication_study\03_sweep_oat_sensitivity_publication.csv,.csv,44636,2026-05-29T01:00:59.345700+00:00,f45638ea6495cb84b903a06dcd65aa243cfed6f9f7d26f860be72192b91f62ec,20260603T123439Z,,False,preexisting_or_unknown
csv\publication_study\03_sweep_sampling_publication.csv,.csv,77199,2026-05-29T01:00:59.361993+00:00,7b7a41a11d63e74b219ced14ce898560a955f08f0803eb08eebb04a9c12fbb69,20260603T123439Z,,False,preexisting_or_unknown
csv\publication_study\03_sweep_tradeoff_publication.csv,.csv,36160,2026-05-29T01:00:59.349697+00:00,163584a8c4abc31895902134607c91c9a2b6f0a76f75a2fc4ec2516787b7970d,20260603T123439Z,,False,preexisting_or_unknown
csv\publication_study\calibration_template.csv,.csv,680,2026-05-29T13:56:56.256356+00:00,5f1f52376d53183407aca4e1ab2191986ec39584730d1dd1916ce91df0da6cb7,20260603T123439Z,,False,preexisting_or_unknown
csv\publication_study\ell0_core3_L150_energy_budget.csv,.csv,408,2026-05-29T13:56:56.854227+00:00,6e198be7b6e22b57853638b7b1c586d7e6cffbc815433d0eb49c5793c316b97d,20260603T123439Z,,False,preexisting_or_unknown
csv\publication_study\ell0_core3_L150_summary.csv,.csv,1591,2026-05-29T13:56:56.854227+00:00,b64fe1ccaf1795ef032b6ba622ff33037334282678b721431b840291202991eb,20260603T123439Z,,False,preexisting_or_unknown
csv\publication_study\ell3_core3_L150_energy_budget.csv,.csv,408,2026-05-29T13:56:59.740402+00:00,6e198be7b6e22b57853638b7b1c586d7e6cffbc815433d0eb49c5793c316b97d,20260603T123439Z,,False,preexisting_or_unknown
csv\publication_study\ell3_core3_L150_summary.csv,.csv,1611,2026-05-29T13:56:59.740402+00:00,e4b37506028fabaefaea349a741543008555e13c97a0c243ea6161249c8e0059,20260603T123439Z,,False,preexisting_or_unknown
csv\publication_study\ell5_core4_L200_energy_budget.csv,.csv,406,2026-05-29T13:57:02.479862+00:00,1f723d8d1e12eae95383fa72fb404ec9d95d9fec107f7e28750fe536fd0f77ac,20260603T123439Z,,False,preexisting_or_unknown
csv\publication_study\ell5_core4_L200_summary.csv,.csv,1610,2026-05-29T13:57:02.475700+00:00,fcdafe970630f30f29aefcd050a54767bc67717280fb4247c8adb5c6f148ad08,20260603T123439Z,,False,preexisting_or_unknown
csv\publication_study\ell_family_comparison.csv,.csv,8275,2026-05-29T13:58:55.807796+00:00,7871dd0f14b92e2642c9bcdcb35c68fc0479579b9ba72600a6d788bdcf7b1eab,20260603T123439Z,,False,preexisting_or_unknown
csv\publication_study\oat_sensitivity_ranked.csv,.csv,479,2026-05-29T14:02:34.405101+00:00,9639bd07289674dcbd3f7cf11e578ea28889a46d2ca01028eeaebd4e85f17027,20260603T123439Z,,False,preexisting_or_unknown
csv\publication_study\oat_sensitivity_raw.csv,.csv,42534,2026-05-29T14:02:34.387649+00:00,9c53fde0b87901d202cefe7a32f9ff2eb15f7a4d8933cf341a4dcbbb21e74e92,20260603T123439Z,,False,preexisting_or_unknown
csv\publication_study\sas_validation_summary.csv,.csv,1361,2026-05-29T12:17:43.603672+00:00,69d87bc8904a5dc04b771a3ef2ad3ea4c5c8165705ab96a35e01bdd62941ce7f,20260603T123439Z,,False,preexisting_or_unknown
csv\publication_study\self_healing_campaign_ideal.csv,.csv,665,2026-05-31T23:37:40.437495+00:00,47f636a81f5b1887658e22e07e316bf646af5ae049305d2c6ec5cc977f41fb7e,20260603T123439Z,,False,preexisting_or_unknown
csv\publication_study\self_healing_realistic_benchmark.csv,.csv,437,2026-05-29T00:04:40.469615+00:00,10bf5b455bdec7187c0f51f21af3a19949c09fc3f9d0c263da5d3cd93fe5d1bf,20260603T123439Z,,False,preexisting_or_unknown
csv\publication_study\shortlist_artifact_manifest.csv,.csv,1937,2026-05-29T13:57:05.217142+00:00,044f803aa4ccd37e6d4a2a3acbc3c750c07aaee80eb66c4d3f52edbc03589e6a,20260603T123439Z,,False,preexisting_or_unknown
csv\publication_study\shortlist_extended_comparison.csv,.csv,604,2026-05-29T13:57:05.257530+00:00,d4d8428ea6d37d2cc5bb2618b54a767747e39a363f59d7e32530cdf031ad9ccc,20260603T123439Z,,False,preexisting_or_unknown
csv\publication_study\shortlist_realistic_summary.csv,.csv,1644,2026-06-01T00:08:15.137332+00:00,1a9fb0ab1e5f942ead50faaffa2bfa4d4f3cce9ebb083e813fc6b38961d7d8bc,20260603T123439Z,,False,preexisting_or_unknown
csv\publication_study\stage6_fidelity_delta_table.csv,.csv,876,2026-05-31T23:39:16.232995+00:00,194d3c232312ea8baf02e92593cf6a426d5d7a6ac5ddfaaaf58fa75d29a4db96,20260603T123439Z,,False,preexisting_or_unknown
csv\publication_study\stage6_fidelity_ladder_summary.csv,.csv,1425,2026-05-31T23:39:16.232995+00:00,ee5ff8b9cdc8a529cae5ed4818679b53508d06a137dc749a2c083f04eef478c6,20260603T123439Z,,False,preexisting_or_unknown
csv\publication_study\stage6_paper_replica_vector_summary.csv,.csv,841,2026-05-31T23:39:16.241508+00:00,b58204ac6d3ac2131fee9b538f4bc89efb1ab2d22d1835c21987e1d22a13f0b4,20260603T123439Z,,False,preexisting_or_unknown
csv\publication_study\stage6_scalar_depth_audit.csv,.csv,721,2026-05-31T23:39:16.249773+00:00,eb6cf6bcef64d04b71de9eedbe2c83d5d3fa789607c7965a678e7ce704c1cc71,20260603T123439Z,,False,preexisting_or_unknown
csv\publication_study\stage6_slm_encoded_vector_summary.csv,.csv,943,2026-05-31T23:39:16.241508+00:00,0aac1e4e681f2f50aba9e3744bfd31785fba100026bae0b03be0f79c74285b44,20260603T123439Z,,False,preexisting_or_unknown
csv\publication_study\vector_atlas_jones_summary.csv,.csv,363,2026-05-29T00:06:50.541229+00:00,e5288acd92de816f29ad4ab985e857afcac975bcddab92cfa215d640f33ad298,20260603T123439Z,,False,preexisting_or_unknown
csv\publication_study\vector_atlas_scalar_sas_summary.csv,.csv,631,2026-05-29T00:06:49.608766+00:00,42bfb7e7889504723521daa2942c3cc2a02db7890c7caa5bd3fbe46b02d5680f,20260603T123439Z,,False,preexisting_or_unknown
csv\publication_study\vortex_charge_length_sensitivity.csv,.csv,6317,2026-05-29T13:58:36.294321+00:00,70ed9d0cee510eaa55aa026ee8549dba846f57c1cfc14aeb7b203bb707311e70,20260603T123439Z,,False,preexisting_or_unknown
csv\publication_study\vortex_charge_sweep.csv,.csv,833,2026-05-29T13:57:24.701950+00:00,9fe8660cfcdc1bf9bf08ac9761c9712689a0cb7e160bf59fd2bab7fa364c04d3,20260603T123439Z,,False,preexisting_or_unknown
csv\sas_self_checks.csv,.csv,390,2026-05-29T12:17:42.458383+00:00,12d8393a027305279be8746be04083f715049d3edc5b34c91cffbac250fe9e56,20260603T123439Z,,False,preexisting_or_unknown
csv\stage10_discrete\10_discrete_acceptance_summary.csv,.csv,170,2026-05-29T12:34:52.538217+00:00,cd5d13286457aadf2a8b0465b652b57ad34e0153dd8c7208995c4dc81a6506e2,20260603T123439Z,,False,preexisting_or_unknown
csv\stage10_discrete\10_discrete_cgh_exports.csv,.csv,1249,2026-05-29T12:34:47.273905+00:00,5a4eeff7e101c1fe077e10a9e458c0badd84338daafe51737a17814c4e62ac9f,20260603T123439Z,,False,preexisting_or_unknown
csv\stage10_discrete\10_discrete_continuous_limit.csv,.csv,147,2026-05-29T12:34:51.301668+00:00,68ca35d868baf019e7abf8592b67476a3c067dfdf59aec8c268ee30df2c9b477,20260603T123439Z,,False,preexisting_or_unknown
csv\stage10_discrete\10_discrete_encoding_comparison.csv,.csv,491,2026-05-29T12:34:50.760253+00:00,08b7f20418fe2a6bbed20d165b9cdaacc43a17e03dc4f68c5ff8ad5c2fb309be,20260603T123439Z,,False,preexisting_or_unknown
csv\stage10_discrete\10_discrete_pattern_summary.csv,.csv,2781,2026-05-29T12:34:47.201830+00:00,591d38c6dd16d8f259647dfd907bdd59c7353ead71b4cebc7188a099b607eda1,20260603T123439Z,,False,preexisting_or_unknown
csv\stage9_capsule\09_capsule_acceptance_summary.csv,.csv,218,2026-05-29T11:52:32.798607+00:00,0e4113cc10bae781cd19d44f2ecbc06e1670a2278e9e7e9f5a89a567570eda11,20260603T123439Z,,False,preexisting_or_unknown
csv\stage9_capsule\09_capsule_apodization_sweep.csv,.csv,2883,2026-05-29T11:52:29.427590+00:00,03706a4c9505c1c514c0c764f4b09cd9cc0ab8bf274a344c8a28739aa59c04b9,20260603T123439Z,,False,preexisting_or_unknown
csv\stage9_capsule\09_capsule_design_feasible_set.csv,.csv,6777,2026-05-29T11:52:26.901270+00:00,45eb8d3555b193c11c716f53cb44d1c398d4bd6d7c5c250fd34d9b412dfbbf01,20260603T123439Z,,False,preexisting_or_unknown
csv\stage_c\NB_axicon_method_comparison.csv,.csv,832,2026-06-01T15:10:45.576376+00:00,3d14baae8b32ccad759fb46c6a79a0e57074e7b35963c3f08dab1362dacb6a94,20260603T123439Z,,False,preexisting_or_unknown
csv\stage_c\NB_holographic_carrier_filter_sweep.csv,.csv,7153,2026-06-01T15:09:31.192770+00:00,d5c48fdd2e40be5ae80bb325ecbaa4182c9a7d54ffe6b83e6abeae5360fbf29b,20260603T123439Z,,False,preexisting_or_unknown
csv\stage_c\NB_holographic_optimised_method_comparison.csv,.csv,537,2026-06-01T15:09:38.262230+00:00,70072e7ba8af242e29fb3c78cd8f3ca5ecb20bb004afb6ed37189ee90b8b05fd,20260603T123439Z,,False,preexisting_or_unknown
csv\stage_c\NB_holographic_summary.csv,.csv,417,2026-06-01T15:07:36.344263+00:00,39b06e754a97ec1f8392cbed03a601ed7b1c884b4a55f9f884c223abdbff8468,20260603T123439Z,,False,preexisting_or_unknown
csv\stage_c\NB_physical_summary.csv,.csv,752,2026-06-01T15:10:07.704286+00:00,7e194255981057b0807d132ca431c53d30da1d92d161a3bbcee7d677c30179ce,20260603T123439Z,,False,preexisting_or_unknown
csv\stage_c\stage_c5_beam_fingerprints.csv,.csv,976,2026-06-01T14:40:51.842904+00:00,f8da8cda92db69a439195c296dda65cee57a3ffc88d839940ffa869eacd6d375,20260603T123439Z,,False,preexisting_or_unknown
csv\stage_c\stage_c5_holographic_carrier_filter_sweep.csv,.csv,7153,2026-06-01T14:22:44.847921+00:00,d5c48fdd2e40be5ae80bb325ecbaa4182c9a7d54ffe6b83e6abeae5360fbf29b,20260603T123439Z,,False,preexisting_or_unknown
csv\stage_c\stage_c5_limits_first_order_geometry.csv,.csv,10084,2026-06-01T14:24:33.243127+00:00,34dbb727899a313fc836907e784c617a4c916729368234e3caa9c9d8bfae8df8,20260603T123439Z,,False,preexisting_or_unknown
csv\stage_c\stage_c5_method_comparison_optimised_holographic.csv,.csv,537,2026-06-01T14:23:19.977110+00:00,70072e7ba8af242e29fb3c78cd8f3ca5ecb20bb004afb6ed37189ee90b8b05fd,20260603T123439Z,,False,preexisting_or_unknown
csv\stage_c\stage_c5_zone_definition_audit.csv,.csv,1166,2026-06-01T14:20:45.597444+00:00,dea7c491f298197a70c35e5d4c47f8efe5dadb3a036410559e3f16bb3f6b5dd2,20260603T123439Z,,False,preexisting_or_unknown
csv\stage_c\stage_c_interface_depth_sweep_sample_study.csv,.csv,13455,2026-05-31T17:45:02.924133+00:00,4dbe7f64537c9d3a11762928f56b883ae2c5cec9c41a4128386a2ae72033367b,20260603T123439Z,,False,preexisting_or_unknown
csv\stage_c\stage_c_method_comparison.csv,.csv,840,2026-05-31T17:46:01.075468+00:00,220cc9faf4beb3a25d36d1af150d19117ed02891ef02b1907fd449afaa75128e,20260603T123439Z,,False,preexisting_or_unknown
csv\stage_c\stage_c_oat_tornado.csv,.csv,263,2026-05-31T17:45:49.153341+00:00,2b829a5ff2a951cb6c0a2f0513afe5f57be04abfba12d4ee763ce89556e16da5,20260603T123439Z,,False,preexisting_or_unknown
csv\stage_c\stage_c_stable_bessel_region.csv,.csv,839,2026-05-31T17:44:21.023078+00:00,2ec969ed9bceea4066f4d253a97ab2c1440d4ef33b38082695b842404ab6cb32,20260603T123439Z,,False,preexisting_or_unknown
csv\stage_d\NB_through_sample_summary.csv,.csv,2361,2026-06-01T16:42:29.603760+00:00,8b614a070e8c4cff495d5cb15b8eb4e2ccca3c4ddeafdd02bf797f092f84dd0f,20260603T123439Z,,False,preexisting_or_unknown
csv\stage_e\NB_full_journey_summary.csv,.csv,5547,2026-06-01T20:48:20.317818+00:00,4a3b42cd8de790a67e9722b970e48cf62b10a2f9c24a872af27aab8d666b7154,20260603T123439Z,,False,preexisting_or_unknown
csv\stage_f\F_capsule_sweep.csv,.csv,1420,2026-06-01T21:05:59.504244+00:00,6c4dc803521e49ebd1e504c37a829cc9608998e6270ecffc250a8626b33dcfc0,20260603T123439Z,,False,preexisting_or_unknown
csv\stage_f\F_design_solver.csv,.csv,9192,2026-06-01T21:05:59.535264+00:00,4a7d2ad49f79c57ebb29e5ad9d03b4201c12dcae9278f49cb8f8e06326f7a6c2,20260603T123439Z,,False,preexisting_or_unknown
csv\stage_h2\H2_air_knob_sweep.csv,.csv,3093,2026-06-02T13:46:22.932825+00:00,54ed28071fc12115796f72a87862a752d83f6749b1b653baeb3aa9a7a8d0ecf9,20260603T123439Z,,False,preexisting_or_unknown
csv\stage_h2\H2_survival_summary.csv,.csv,338,2026-06-02T13:46:37.841722+00:00,12e3df57ab42374a57c797af6b1485606fd7157469ba501716f4236cc8084d66,20260603T123439Z,,False,preexisting_or_unknown
csv\stage_h2\H2_transient_hexlike_scan.csv,.csv,67308,2026-06-02T13:53:16.621158+00:00,07cafc4d1eb0816a9b1a5813bc20655a3db688578282fb4d08cf76ca05d77a31,20260603T123439Z,,False,preexisting_or_unknown
csv\stage_h\H_fair_comparison.csv,.csv,545,2026-06-02T13:08:32.882568+00:00,977e9faad01e4ad0453a0c7467f204115cf821456ca4ab3100860b3b944c4935,20260603T123439Z,,False,preexisting_or_unknown
csv\stage_h\H_modulation_sweep.csv,.csv,1680,2026-06-02T13:08:25.122012+00:00,10aab59e79d235c95707bbb0e3f254aec7e3ba9c5186fcfe078997570dbf6f66,20260603T123439Z,,False,preexisting_or_unknown
figures\hex_outline\13_hollow_hex_outline_checkpoint.png,.png,306604,2026-06-02T14:21:39.014545+00:00,320babc2456e1bbda33b923eb627185e1e4c42a2db1b92221c893cf0594c21f9,20260603T123439Z,,False,preexisting_or_unknown
figures\hex_outline\13_hollow_hex_outline_checkpoint.png.txt,.txt,208,2026-06-02T14:21:39.017547+00:00,208122b58fa42a295aff1f522e64f2e1320d257b98fa29d5b0e5b8125de54678,20260603T123439Z,,False,preexisting_or_unknown
figures\hex_outline\14_hexlike_transient_vs_outline.png,.png,283691,2026-06-02T14:30:12.874093+00:00,5bf38c2906101432a0b13aacefd7cfe96f83f02ce49723f1cc18b1079fab706a,20260603T123439Z,,False,preexisting_or_unknown
figures\hex_outline\14_hexlike_transient_vs_outline.png.txt,.txt,250,2026-06-02T14:30:12.877799+00:00,363550452db5340c222716d5baee8036cfa4c1b16488177b2316a29dd1913fef,20260603T123439Z,,False,preexisting_or_unknown
figures\hex_outline\15_hybrid_transient_seed_lab_gate.png,.png,407843,2026-06-02T15:51:51.734234+00:00,52dcc9efebd94bcb324c922c3ebc545efb4e7e327183b79913e00717e56884e6,20260603T123439Z,,False,preexisting_or_unknown
figures\hex_outline\15_hybrid_transient_seed_lab_gate.png.txt,.txt,186,2026-06-02T15:51:51.737982+00:00,d3d52d31696f1d9078bc14d1b0491bb010fc9962e2a63877233a9e443b0a9bc3,20260603T123439Z,,False,preexisting_or_unknown
figures\hex_outline\16_hex_bessel_like_multiplane_survival.png,.png,1172800,2026-06-02T16:06:48.165704+00:00,bb4a2c71de689dd8d0e2449645cbe3b33d27354c656e61f69013dbd02700f4e8,20260603T123439Z,,False,preexisting_or_unknown
figures\hex_outline\16_hex_bessel_like_multiplane_survival.png.txt,.txt,182,2026-06-02T16:06:48.171766+00:00,2fd3236863449054a2c5b76578144668efc9fd21d38ca51b82683bef07deb64c,20260603T123439Z,,False,preexisting_or_unknown
figures\hex_outline\17_zernike_hex_bessel_sweep.png,.png,1154550,2026-06-02T16:26:59.559794+00:00,805fd777ab59d25c48d47568ae7a788fe9b0935d40ff1e876827809c4f9d0abb,20260603T123439Z,,False,preexisting_or_unknown
figures\hex_outline\17_zernike_hex_bessel_sweep.png.txt,.txt,191,2026-06-02T16:26:59.564889+00:00,cf6090949b89c3cb612ca60e15ae567f7e667a9462fff2a105b83cd59dce86e6,20260603T123439Z,,False,preexisting_or_unknown
figures\hex_outline\captions_manifest.jsonl,.jsonl,6392,2026-06-02T16:26:59.566890+00:00,ad56be3fcac56e4d31e7e04b0d814a6d9bf037ac808f1ec190ecc0ee9a645a69,20260603T123439Z,,False,preexisting_or_unknown
figures\interface_correction\08_interface_ell0_ideal_uncorrected_corrected.png,.png,335460,2026-05-29T12:16:10.338553+00:00,e42b15a8adad3c28256e5e20316afd8d4f77ee551445af257b49f7d0c64510f5,20260603T123439Z,,False,preexisting_or_unknown
figures\interface_correction\08_interface_ell0_ideal_uncorrected_corrected.png.txt,.txt,245,2026-05-29T12:16:10.341928+00:00,e84d5c35ac53fc019ea9f0292e14d9ff815541817ae85e1506e5bcecbd9e16ec,20260603T123439Z,,False,preexisting_or_unknown
figures\interface_correction\08_interface_ell3_ideal_uncorrected_corrected.png,.png,349076,2026-05-29T12:16:27.951822+00:00,e7686e44a999109c86744e24c4fcdd8f6fac3491cd8ddce9dd886bd74e69302b,20260603T123439Z,,False,preexisting_or_unknown
figures\interface_correction\08_interface_ell3_ideal_uncorrected_corrected.png.txt,.txt,245,2026-05-29T12:16:27.967502+00:00,c019933f8effdbb9945b4993c6b17029aa953a14372c585826fd6cabc24dd79f,20260603T123439Z,,False,preexisting_or_unknown
figures\interface_correction\captions_manifest.jsonl,.jsonl,1606,2026-05-29T12:16:27.967502+00:00,39a899be246a9da56634ca7191cf4628c54961a651d77de1bb32ab433e6d8a54,20260603T123439Z,,False,preexisting_or_unknown
figures\polarized_train\12_polarized_train_ideal_lab_xy_xz.png,.png,699931,2026-05-29T18:20:20.142945+00:00,6567fdd7a618588cfeebe0e015440e9cb90e836dd34cedf6121ca4a6c62f0e8d,20260603T123439Z,,False,preexisting_or_unknown
figures\polarized_train\12_polarized_train_ideal_lab_xy_xz.png.txt,.txt,260,2026-05-29T18:20:20.142945+00:00,fbd86a311ffb7c15a87f26f0bc211883141c9e14b68f3920b9978e6a9ab61627,20260603T123439Z,,False,preexisting_or_unknown
figures\polarized_train\12_polarized_train_mechanism_gate.png,.png,198690,2026-05-29T18:20:19.392139+00:00,44fcb4ce812ac667ddeef2161475b717ce5e23910748b17a67dba582a28fd747,20260603T123439Z,,False,preexisting_or_unknown
figures\polarized_train\12_polarized_train_mechanism_gate.png.txt,.txt,247,2026-05-29T18:20:19.392139+00:00,6118b2b0b17eb8dbb643b67a34f6c4f8accef36d4786293b3eefff848142b7d8,20260603T123439Z,,False,preexisting_or_unknown
figures\polarized_train\captions_manifest.jsonl,.jsonl,11074,2026-05-29T18:20:20.142945+00:00,282c9c124ac09fb4bd71c30b5916ff62cb1a6b1f9b594ab8f92ad848dc86d1e7,20260603T123439Z,,False,preexisting_or_unknown
figures\polygonal_hex_ring\11_polygonal_hex_ring_ideal_lab_xy_xz.png,.png,768742,2026-05-29T17:00:57.138758+00:00,1291a1a5a371779fc047a01ea90fe77ecc9b57edc4170bcc6939db58b295b417,20260603T123439Z,,False,preexisting_or_unknown
figures\polygonal_hex_ring\11_polygonal_hex_ring_ideal_lab_xy_xz.png.txt,.txt,199,2026-05-29T17:00:57.148385+00:00,5bc6b37952e4cd7f1e72472ced94160e08183efc821bcc56eeea238e9a18c2e4,20260603T123439Z,,False,preexisting_or_unknown
figures\polygonal_hex_ring\11_polygonal_hex_ring_lattice_negative_control.png,.png,817608,2026-05-29T17:00:58.688911+00:00,3bd66335ec499f3c950b5a2e513668da5676f41c729186595a68bc1bb67603ff,20260603T123439Z,,False,preexisting_or_unknown
figures\polygonal_hex_ring\11_polygonal_hex_ring_lattice_negative_control.png.txt,.txt,250,2026-05-29T17:00:58.696462+00:00,6fe91d108d1a277f32e58b6bb57569899427268a706f467670b221f77d641dd2,20260603T123439Z,,False,preexisting_or_unknown
figures\polygonal_hex_ring\12_hollow_hex_sidelobe_ideal_candidates.png,.png,316146,2026-06-02T14:00:47.851592+00:00,e8451e7ce12bf3ae91d07b940eacfc0be76e85ed881f4dd3d757a0e44beb0223,20260603T123439Z,,False,preexisting_or_unknown
figures\polygonal_hex_ring\12_hollow_hex_sidelobe_ideal_candidates.png.txt,.txt,222,2026-06-03T12:32:04.742441+00:00,0d8dae6adeabe34d0d60252627e639e1c24cd0a520de9fb9737c3e30cabfc641,20260603T123439Z,,False,preexisting_or_unknown
figures\polygonal_hex_ring\12_hollow_hex_sidelobe_ideal_frontier.png,.png,58720,2026-06-02T14:00:48.012350+00:00,8c4c1b3ec30672116bc25c49324cf268763923d12f8dd8ce3c12daeeaaa192c5,20260603T123439Z,,False,preexisting_or_unknown
figures\polygonal_hex_ring\12_hollow_hex_sidelobe_ideal_frontier.png.txt,.txt,218,2026-06-03T12:32:04.808213+00:00,bb2258c04c273c5c8eacfffdd37495bf42ddfc6f0d61e5acafd20aa078fdbad6,20260603T123439Z,,False,preexisting_or_unknown
figures\polygonal_hex_ring\12_hollow_hex_sidelobe_lab_shortlist.png,.png,1759763,2026-06-02T14:08:50.632126+00:00,5a0bc2da7fca8abe3f41ee8bcc6e92014facfb4c82b366e90c442230dc06d1ff,20260603T123439Z,,False,preexisting_or_unknown
figures\polygonal_hex_ring\12_hollow_hex_sidelobe_lab_shortlist.png.txt,.txt,209,2026-06-02T14:08:50.632126+00:00,42fccc54cdbed3e3d24996b56d85e2ce5528fb489df33f2572d7fdec9819d5e7,20260603T123439Z,,False,preexisting_or_unknown
figures\polygonal_hex_ring\captions_manifest.jsonl,.jsonl,6324,2026-06-02T14:08:50.632126+00:00,379448ba7364325d5159be9e4d56baab2f43b8abe1dbf56c5e22c3398d19ec4a,20260603T123439Z,,False,preexisting_or_unknown
figures\publication_study\03_sweep_peak_fluence_heatmap.png,.png,66672,2026-05-29T01:01:00.645795+00:00,f250fe7cadf2b669ce96167975ed153977a80caf457499c08ce712c27896f2e2,20260603T123439Z,,False,preexisting_or_unknown
figures\publication_study\03_sweep_peak_fluence_heatmap.png.txt,.txt,187,2026-05-29T01:01:00.649491+00:00,964be23e942dfee02723c00a282af223aab3e0521bb6984bb3e4fe7f5f0965a7,20260603T123439Z,,False,preexisting_or_unknown
figures\publication_study\03_sweep_required_slm_cone_angle_heatmap.png,.png,57104,2026-05-29T01:01:00.326059+00:00,212bc1a986ab6b11a2e7b251ad902803a32b083bbe769e200c5cb9a396c8e7d2,20260603T123439Z,,False,preexisting_or_unknown
figures\publication_study\03_sweep_required_slm_cone_angle_heatmap.png.txt,.txt,192,2026-05-29T01:01:00.326059+00:00,c87c0ef6fd06fd8f4487882eb33694faa02ba6e7b7e172daa56945026dc5e847,20260603T123439Z,,False,preexisting_or_unknown
figures\publication_study\03_sweep_stable_bessel_region_heatmap.png,.png,72139,2026-05-29T01:00:59.979022+00:00,005a2088418c23aa2fdc3890d8ddedfeef205d353912f64ad1dd6851e5839888,20260603T123439Z,,False,preexisting_or_unknown
figures\publication_study\03_sweep_stable_bessel_region_heatmap.png.txt,.txt,268,2026-05-29T01:00:59.979022+00:00,d235fb7f0235ce19dbd21ad1625d42bb6e8cb034f018157921c06c8474376100,20260603T123439Z,,False,preexisting_or_unknown
figures\publication_study\axial_xz_traces.png,.png,510704,2026-05-29T13:58:41.184672+00:00,f5d76847c79d4fb61854a436f8c7547e482b05302fa54faf10b5e01b6530bc4f,20260603T123439Z,,False,preexisting_or_unknown
figures\publication_study\axial_xz_traces.png.txt,.txt,236,2026-05-29T00:10:03.329256+00:00,9a38bc41be8481401fedc9e9541bc6c4a942d3fcce5d512490850943410302cb,20260603T123439Z,,False,preexisting_or_unknown
figures\publication_study\C0_fix_ell3_core3_L150_diagnostics.png,.png,1460387,2026-05-31T23:55:16.041684+00:00,5dd492b7f2b6d3ec2a6c3ef12c15467b434059afa55820b4e96e82698833a0c7,20260603T123439Z,,False,preexisting_or_unknown
figures\publication_study\C0_fix_ell3_core3_L150_diagnostics.png.txt,.txt,212,2026-06-03T12:32:05.054794+00:00,a2cec8ff731244385be8e8562b3083ed8f5571649935e5a26425b2e2aaf1c31e,20260603T123439Z,,False,preexisting_or_unknown
figures\publication_study\captions_manifest.jsonl,.jsonl,31799,2026-05-31T23:39:43.574296+00:00,77776f7ca192e0d8305efeed80dc8a709f3c38035980ea1cab636df49409e64b,20260603T123439Z,,False,preexisting_or_unknown
figures\publication_study\device_realism_and_interface_depth.png,.png,131313,2026-05-29T01:01:01.330066+00:00,5209945f00f6fdf613b01af7f03383999d2ce2a44731197a1d6f9dfd932d15e6,20260603T123439Z,,False,preexisting_or_unknown
figures\publication_study\device_realism_and_interface_depth.png.txt,.txt,274,2026-05-29T00:10:03.329256+00:00,52881b0b6733163a90f1fd27c012e6023af61b83e3afe1844ed8e1385ecb4784,20260603T123439Z,,False,preexisting_or_unknown
figures\publication_study\disk_large_self_healing_panel.png,.png,654577,2026-05-31T23:37:53.336472+00:00,9447db3bf59b95abc246984e83114d5f765aba3197d4588ef58c9dff2351efb6,20260603T123439Z,,False,preexisting_or_unknown
figures\publication_study\disk_large_self_healing_panel.png.txt,.txt,264,2026-05-29T00:10:03.329256+00:00,a251ef2560c4e89d5673018260c3d28a4acad7e2deafb6bfc1ef4780aeedea80,20260603T123439Z,,False,preexisting_or_unknown
figures\publication_study\ell0_core3_L150_diagnostics.png,.png,1631302,2026-05-29T13:56:58.621930+00:00,0dc0daa0fece184dd9c5515935c9ce9c7da80c1bfcfc754d076dabe542d4cd37,20260603T123439Z,,False,preexisting_or_unknown
figures\publication_study\ell0_core3_L150_diagnostics.png.txt,.txt,260,2026-05-29T00:10:03.329256+00:00,6ab71cbf5a7651b4b2b7a975bb2d275c5e52744d2aad9000af3c148f2c8d48a6,20260603T123439Z,,False,preexisting_or_unknown
figures\publication_study\ell0_core3_L150_plane_montage.png,.png,270092,2026-05-29T13:56:59.274231+00:00,e98f7e02fd109af42d86f0ddceda221d45362c717a9144f4acb763dcf458a010,20260603T123439Z,,False,preexisting_or_unknown
figures\publication_study\ell0_core3_L150_plane_montage.png.txt,.txt,264,2026-05-29T00:10:03.356611+00:00,3a00f5f48532837b8c8e1b5c6f26a53606ba4b149fe77cec7f639dfcc3e4521a,20260603T123439Z,,False,preexisting_or_unknown
figures\publication_study\ell3_core3_L150_diagnostics.png,.png,1959728,2026-06-01T00:08:22.407606+00:00,98b40608218feeb03c9ee01accb1de541debde97548e200f6db88053f647e0ea,20260603T123439Z,,False,preexisting_or_unknown
figures\publication_study\ell3_core3_L150_diagnostics.png.txt,.txt,260,2026-05-29T00:10:03.358612+00:00,6d6e4b92f8f38b3d22436f83121cc97eab9db3d70badaaef04de9b7bdb2156b7,20260603T123439Z,,False,preexisting_or_unknown
figures\publication_study\ell3_core3_L150_plane_montage.png,.png,348471,2026-06-01T00:08:23.615072+00:00,34a63a5ecb48f932230d0e50977bc5253cbf7b769818ab2b554660433096698c,20260603T123439Z,,False,preexisting_or_unknown
figures\publication_study\ell3_core3_L150_plane_montage.png.txt,.txt,264,2026-05-29T00:10:03.361974+00:00,d5d18c864edf94be8232c18e632e37d3da29a3a183431d91fe5047557e7ab905,20260603T123439Z,,False,preexisting_or_unknown
figures\publication_study\ell5_core4_L200_diagnostics.png,.png,1570837,2026-05-29T13:57:04.535879+00:00,d8f921e5b5d3d3091c0fbdfda9577b43fcfde89cb807f6e4449190f4271d7511,20260603T123439Z,,False,preexisting_or_unknown
figures\publication_study\ell5_core4_L200_diagnostics.png.txt,.txt,260,2026-05-29T00:10:03.362597+00:00,7a0975845986068712910747d79eb821d0961ee6de3b458a81b178957cf201af,20260603T123439Z,,False,preexisting_or_unknown
figures\publication_study\ell5_core4_L200_plane_montage.png,.png,352123,2026-05-29T13:57:05.217142+00:00,8387fbaef68e35e3f7260c3580504127e53a73815ecf765e7b4590c3b9994cb3,20260603T123439Z,,False,preexisting_or_unknown
figures\publication_study\ell5_core4_L200_plane_montage.png.txt,.txt,264,2026-05-29T00:10:03.362597+00:00,d3d3814418f8d24c4ef537b41fc1961f77c1c2f3ba4d2be89d3ec489b245f431,20260603T123439Z,,False,preexisting_or_unknown
figures\publication_study\ell_family_atlas.png,.png,295737,2026-05-29T13:58:56.864821+00:00,1eb85a679a48eb9ef89431f965b41a9b1d8e5517f61c60d90f82e1c3750e72ff,20260603T123439Z,,False,preexisting_or_unknown
figures\publication_study\ell_family_atlas.png.txt,.txt,238,2026-05-29T00:10:03.362597+00:00,8570425136b9a64fc67901e00ebe02ae6066cb1b3bf195b3f97700556dfb1a75,20260603T123439Z,,False,preexisting_or_unknown
figures\publication_study\ell_family_scaling.png,.png,93521,2026-05-29T01:01:00.980093+00:00,ebbc5ba202acb41d9279f7366c358185b9450b86beb19abbf7650420b707e988,20260603T123439Z,,False,preexisting_or_unknown
figures\publication_study\ell_family_scaling.png.txt,.txt,242,2026-05-29T00:10:03.362597+00:00,88bd857c2c59cf026afe6df4c4fb53b3d7c75102380ad5ebaa3e538d36e69930,20260603T123439Z,,False,preexisting_or_unknown
figures\publication_study\oat_sensitivity_ranking.png,.png,75607,2026-05-29T01:00:59.619537+00:00,3116ecb09a2ce504267cc4fdcbf3fe6fc015a2f448e0d3bf70acdea0e8851148,20260603T123439Z,,False,preexisting_or_unknown
figures\publication_study\oat_sensitivity_ranking.png.txt,.txt,252,2026-05-29T00:10:03.362597+00:00,1e3a41ed9fc39c4c519384d28d6a683038e0b71c01e4d4bfec3b2a8b45fe1eb4,20260603T123439Z,,False,preexisting_or_unknown
figures\publication_study\radial_profile_overlay.png,.png,181619,2026-05-29T13:58:38.577253+00:00,650a38225f346a0ef77db086dd6367dfdce0466d83a9a23d6d0c95d6a90443be,20260603T123439Z,,False,preexisting_or_unknown
figures\publication_study\radial_profile_overlay.png.txt,.txt,250,2026-05-29T00:10:03.362597+00:00,221c07064c45e38949a8c3ab569ca95cac5a4a63f94aa9e43c89ad9a7229c5d8,20260603T123439Z,,False,preexisting_or_unknown
figures\publication_study\sampling_capability_slice_L150.png,.png,62719,2026-05-29T01:01:01.718683+00:00,cc6f25ab4de9daaa8d49f5e9fd487ceca9d3d692183b5763b2bf037cbee01904,20260603T123439Z,,False,preexisting_or_unknown
figures\publication_study\sampling_capability_slice_L150.png.txt,.txt,266,2026-05-29T00:10:03.362597+00:00,1ae54afbda3ce2fd3cd60ead6fb0fd685b57ec757e613c45fa0eb60b4c25565c,20260603T123439Z,,False,preexisting_or_unknown
figures\publication_study\sas_validation_montage.png,.png,341998,2026-05-29T12:17:44.458000+00:00,85d28cd6959c7c77562aa21bd8818c11cf4f2db55c54bc91529c01a14685361f,20260603T123439Z,,False,preexisting_or_unknown
figures\publication_study\sas_validation_montage.png.txt,.txt,250,2026-05-29T00:10:03.377333+00:00,45817ee44bee2b702dd797e44ffed8fd87c270c2697ca2082c4b9cb918b44b0d,20260603T123439Z,,False,preexisting_or_unknown
figures\publication_study\sas_validation_radial_profiles.png,.png,86199,2026-05-29T12:17:45.275393+00:00,f82d6766474aefbd62ac02d32670a43f7fbcd112fbde9cbdecec78a0ec597385,20260603T123439Z,,False,preexisting_or_unknown
figures\publication_study\sas_validation_radial_profiles.png.txt,.txt,266,2026-05-29T00:10:03.379952+00:00,3f15c1e60f42520ac4176bc3fc5ddd5ff0e5050fbe32043a4792089711a4da86,20260603T123439Z,,False,preexisting_or_unknown
figures\publication_study\self_healing_realistic_benchmark.png,.png,1791939,2026-05-29T00:04:41.481941+00:00,e53f8675bbfe599d11352cb3d4f895edbcf10aef7a0910721d509843302e50ef,20260603T123439Z,,False,preexisting_or_unknown
figures\publication_study\self_healing_realistic_benchmark.png.txt,.txt,270,2026-05-29T00:10:03.396518+00:00,4174e93e61a44e654ac19268e85625db421edab0a3e64d5cf8172cb3959d177a,20260603T123439Z,,False,preexisting_or_unknown
figures\publication_study\self_healing_recovery_curves.png,.png,125542,2026-05-31T23:38:07.672969+00:00,135d84fb13dec411654d430cbb726b4db4cac208f10274caf14b6db2a6d579d3,20260603T123439Z,,False,preexisting_or_unknown
figures\publication_study\self_healing_recovery_curves.png.txt,.txt,262,2026-05-29T00:10:03.396518+00:00,fbbe882cbff880ea01032b529f415415f862fe2263c9d19e5a7e30329236a08a,20260603T123439Z,,False,preexisting_or_unknown
figures\publication_study\sensitivity_tornado.png,.png,113294,2026-05-29T14:02:34.738296+00:00,0a3e772dc9a59fac74b44b65ccc8f78194e11b93038068149f0a1a9c1e428115,20260603T123439Z,,False,preexisting_or_unknown
figures\publication_study\sensitivity_tornado.png.txt,.txt,244,2026-05-29T00:10:03.411034+00:00,d824821bdfac91d622a6c48dfab44a6afd19395e5cdb01a046649a8f12c2d290,20260603T123439Z,,False,preexisting_or_unknown
figures\publication_study\shortlist_lab_comparison.png,.png,179207,2026-05-29T13:57:05.970172+00:00,3a36e85ca1c98c1b7ad5f6331e311d75e1db78a9dcc429aea24703d40ad773e3,20260603T123439Z,,False,preexisting_or_unknown
figures\publication_study\shortlist_lab_comparison.png.txt,.txt,254,2026-05-29T00:10:03.412495+00:00,301fe529912ec02edb0bcbfc082fe7cd5214015868a03337441f5406dea29da4,20260603T123439Z,,False,preexisting_or_unknown
figures\publication_study\stage6_fidelity_delta_table.png,.png,60264,2026-05-31T23:39:36.164109+00:00,ebf8f2bb089aa5eda94461603f2c40fb48646a86a84609f60c5c4afd89b21513,20260603T123439Z,,False,preexisting_or_unknown
figures\publication_study\stage6_fidelity_delta_table.png.txt,.txt,279,2026-05-31T23:39:36.164109+00:00,556cd73f33503004541f343c8ab35c7b11ced14e9dc943594a09f4d962341138,20260603T123439Z,,False,preexisting_or_unknown
figures\publication_study\stage6_fidelity_ladder.png,.png,375546,2026-05-31T23:39:22.664614+00:00,d82e41ecbcd53a47f9beac9aeba92b4cd5252e3584e5cc3d1c000bae673b6845,20260603T123439Z,,False,preexisting_or_unknown
figures\publication_study\stage6_fidelity_ladder.png.txt,.txt,455,2026-05-31T23:39:22.664614+00:00,40404402f04fd330f25f9160d9ce09df345a808bd279549b0acd9c3f7e299170,20260603T123439Z,,False,preexisting_or_unknown
figures\publication_study\stage6_paper_replica_vector_panel.png,.png,331618,2026-05-31T23:39:43.566713+00:00,5cab5dc7207ab199114a1ba63aa6480e4d1b35b70099c6883d50703cbfe09412,20260603T123439Z,,False,preexisting_or_unknown
figures\publication_study\stage6_paper_replica_vector_panel.png.txt,.txt,229,2026-05-31T23:39:43.572284+00:00,b45015f36e9aa3059be8bc83af19494a7801db504d5941ee92961d837da79acf,20260603T123439Z,,False,preexisting_or_unknown
figures\publication_study\stage6_phase_masks.png,.png,324876,2026-05-31T23:39:38.128147+00:00,c433b4a1064664a978315e299209294b0ec1bb5f9951010389560487eebf7bb1,20260603T123439Z,,False,preexisting_or_unknown
figures\publication_study\stage6_phase_masks.png.txt,.txt,274,2026-05-31T23:39:38.133159+00:00,35fe7dd654ddb3b4b0638e8fb5c3c4dffedff292bfbcd7591c31834666779a84,20260603T123439Z,,False,preexisting_or_unknown
figures\publication_study\stage6_slm_encoded_mask_to_output_mapping.png,.png,4288251,2026-05-29T11:26:29.648341+00:00,7c4c93cf28cc09e059c14f1972373fd81a679cc06460edb10c7fda6c70a43b6d,20260603T123439Z,,False,preexisting_or_unknown
figures\publication_study\stage6_slm_encoded_mask_to_output_mapping.png.txt,.txt,381,2026-05-29T11:26:29.652932+00:00,51920dbc8ad30be091f5224db5ac991a9e8722a95172e134c7919cf5a89ca6f2,20260603T123439Z,,False,preexisting_or_unknown
figures\publication_study\stage6_slm_encoded_vector_bessel_regions.png,.png,451681,2026-05-29T11:26:39.774297+00:00,f3475fba8891c2b01c8a610b4289c7fc20f67aaec70dacbb86d9f8fd41503972,20260603T123439Z,,False,preexisting_or_unknown
figures\publication_study\stage6_slm_encoded_vector_bessel_regions.png.txt,.txt,488,2026-05-29T11:26:39.774297+00:00,9bfdbeeea2525ee6df864facde21d9ef274de55bf97339c317fed44bc0762dba,20260603T123439Z,,False,preexisting_or_unknown
figures\publication_study\stage6_slm_encoded_vector_mask_outputs.png,.png,836488,2026-05-29T11:26:15.656808+00:00,4c782197adb1a2277dc62ec0cb20f1f87f9883c1f9b06c0ee621e2644b8706ea,20260603T123439Z,,False,preexisting_or_unknown
figures\publication_study\stage6_slm_encoded_vector_mask_outputs.png.txt,.txt,401,2026-05-29T11:26:15.659015+00:00,08aaa5998bffeaf53dbdf64ba5c7d811cfe7eebe77d31b57530337921b4c61d1,20260603T123439Z,,False,preexisting_or_unknown
figures\publication_study\stage6_slm_encoded_vector_masks.png,.png,3036004,2026-05-29T11:26:07.789247+00:00,e22b2e908e541b1e0fe34bf782ad90df029e1f91cb9f6a3aaa4e5deeb49da1e8,20260603T123439Z,,False,preexisting_or_unknown
figures\publication_study\stage6_slm_encoded_vector_masks.png.txt,.txt,398,2026-05-29T11:26:07.799348+00:00,95a56fa36b27894b487a38a72733bc7763b0ce10af98dc48a06b01df10fa7aec,20260603T123439Z,,False,preexisting_or_unknown
figures\publication_study\stage6_slm_encoded_vector_panel.png,.png,203850,2026-05-31T23:39:40.264971+00:00,203b920a1afec2e6fae3f1cdcd81ce9df4d17b6faf212752ad39c8cfc90b35d5,20260603T123439Z,,False,preexisting_or_unknown
figures\publication_study\stage6_slm_encoded_vector_panel.png.txt,.txt,274,2026-05-31T23:39:40.264971+00:00,e815a0c132f6f7475ffd73b131e34e69470c4dfd3565b3569148717f9987a638,20260603T123439Z,,False,preexisting_or_unknown
figures\publication_study\tradeoff_gamma_heatmap.png,.png,50367,2026-05-29T00:06:30.328894+00:00,52178451a9d4c0a9d74fbe60da0e84b2278e28657b2ab18201f89f0c6a84159d,20260603T123439Z,,False,preexisting_or_unknown
figures\publication_study\tradeoff_gamma_heatmap.png.txt,.txt,250,2026-05-29T00:10:03.430954+00:00,f8e1d3964d413cef7bf8ab1f0f2f5019fc24db36c402a6959be014b55268e3b9,20260603T123439Z,,False,preexisting_or_unknown
figures\publication_study\tradeoff_peak_fluence_heatmap.png,.png,57405,2026-05-29T00:06:30.606826+00:00,514418f868bdcd7136293b3c73180736e31d1a080b13d7b1cb756fc5a9efedb3,20260603T123439Z,,False,preexisting_or_unknown
figures\publication_study\tradeoff_peak_fluence_heatmap.png.txt,.txt,264,2026-05-29T00:10:03.434955+00:00,37e8976fe1c89c79623f4180f07b5ddca3e10ed167c5322603fde19641c018f6,20260603T123439Z,,False,preexisting_or_unknown
figures\publication_study\vector_atlas_ellipse_quiver.png,.png,856376,2026-05-29T00:06:54.959093+00:00,956f7d24231aa1f1bbc43a19a435c916879d083daa31b9d7ad733eec2c3541f3,20260603T123439Z,,False,preexisting_or_unknown
figures\publication_study\vector_atlas_ellipse_quiver.png.txt,.txt,417,2026-05-29T00:06:54.959093+00:00,1628407d3d8437b5540c8562c77a555dfeaf94732bc3390e0a9fdbfda011bc76,20260603T123439Z,,False,preexisting_or_unknown
figures\publication_study\vector_atlas_scalar_sas_planes.png,.png,267652,2026-05-29T00:06:50.023570+00:00,e7ef015d58f069818769b7494330300a97e16680c741c11d2f10cc06285e3ae8,20260603T123439Z,,False,preexisting_or_unknown
figures\publication_study\vector_atlas_scalar_sas_planes.png.txt,.txt,266,2026-05-29T00:10:03.439952+00:00,d5694a09ad05c9b4adff157b6be038d2899190b6602930b8626fe24219d89b60,20260603T123439Z,,False,preexisting_or_unknown
figures\publication_study\vector_atlas_total_analyzer_panels.png,.png,7506826,2026-05-29T00:06:53.081437+00:00,2448d1db50aa3224b623110de59d744eaffb09cb38170b47a65bbfd702e6aeee,20260603T123439Z,,False,preexisting_or_unknown
figures\publication_study\vector_atlas_total_analyzer_panels.png.txt,.txt,340,2026-05-29T00:06:53.081437+00:00,f2e6475814416d481f0cd1d51219ba10ac8c0fe9d59a818e28e3b0590bdc715f,20260603T123439Z,,False,preexisting_or_unknown
figures\publication_study\vortex_charge_length_sensitivity.png,.png,192714,2026-05-29T13:58:37.604227+00:00,38e315babb04e9983c80fb4316131c8838923b3f13bb5c5256aac101f25eac6e,20260603T123439Z,,False,preexisting_or_unknown
figures\publication_study\vortex_charge_length_sensitivity.png.txt,.txt,270,2026-05-29T00:10:03.443956+00:00,a1850078bbc698819a1a83649f4202af95310dd0258ad50d5e5e399a24c0920d,20260603T123439Z,,False,preexisting_or_unknown
figures\publication_study\vortex_charge_sweep.png,.png,255423,2026-05-29T13:57:25.691326+00:00,10d3ca71d2371fc1cd3b9c6e6def8871cf26961ae209f44fc4b60db774e721f8,20260603T123439Z,,False,preexisting_or_unknown
figures\publication_study\vortex_charge_sweep.png.txt,.txt,244,2026-05-29T00:10:03.446031+00:00,6fc4932ac714ca2026786076e465e8503cbbbe326ddff0aac53f407d30135736,20260603T123439Z,,False,preexisting_or_unknown
figures\stage10_discrete\10_discrete_azimuthal_fft_orders.png,.png,110603,2026-05-29T12:34:50.238220+00:00,11a58181e8b66e8c0c2a111af38aa6b391f4f426407ff67dd12c7bbf07e64dd7,20260603T123439Z,,False,preexisting_or_unknown
figures\stage10_discrete\10_discrete_azimuthal_fft_orders.png.txt,.txt,169,2026-05-29T12:34:50.239964+00:00,4f54a771db3eb331901dc21907d1de4ac8b968894add45cd6c9fee198a813642,20260603T123439Z,,False,preexisting_or_unknown
figures\stage10_discrete\10_discrete_continuous_to_discrete_morph.png,.png,1363699,2026-05-29T12:34:52.154253+00:00,22f064362e5d941d126b5c4994a0561216824eafd3093930198107608dd5719b,20260603T123439Z,,False,preexisting_or_unknown
figures\stage10_discrete\10_discrete_continuous_to_discrete_morph.png.txt,.txt,186,2026-05-29T12:34:52.156001+00:00,96c1180d69a358a30c06f3ba4895c2978b01a40cb0350d813450bfa5ed592844,20260603T123439Z,,False,preexisting_or_unknown
figures\stage10_discrete\10_discrete_hexagonal_threshold_polygon.png,.png,205819,2026-05-29T12:34:52.522048+00:00,002b378ab1914b41fa5eaeab6dd53cfa54f89e2a6d470799a196846f3da2fd5d,20260603T123439Z,,False,preexisting_or_unknown
figures\stage10_discrete\10_discrete_hexagonal_threshold_polygon.png.txt,.txt,177,2026-05-29T12:34:52.524053+00:00,88c851f58080e1b5645895a22cd0edbf8cf9ce95eb05802775186bdbd549cd17,20260603T123439Z,,False,preexisting_or_unknown
figures\stage10_discrete\10_discrete_hexagonal_xz_propagation.png,.png,89728,2026-05-29T12:34:50.701720+00:00,040ac743fae89fe558fc4f9109cc803996c82d28eaaaa52cb690f18fda412ccb,20260603T123439Z,,False,preexisting_or_unknown
figures\stage10_discrete\10_discrete_hexagonal_xz_propagation.png.txt,.txt,156,2026-05-29T12:34:50.703726+00:00,2c4c1b392f8029f9e6fbb99934ea3a2251d748144c2edb8c8abfd825e72eeb2e,20260603T123439Z,,False,preexisting_or_unknown
figures\stage10_discrete\10_discrete_nwave_vs_hex_axicon.png,.png,221645,2026-05-29T12:34:51.180019+00:00,46837e3a65fbfb580113a7f0c0adf6f5796a4813dc7ee139c36f44f88f824ff7,20260603T123439Z,,False,preexisting_or_unknown
figures\stage10_discrete\10_discrete_nwave_vs_hex_axicon.png.txt,.txt,205,2026-05-29T12:34:51.180019+00:00,3e7b99131683d6815ec7decebf1c031f303b0df65a623eb4ca5bc0c1e2b1b2f7,20260603T123439Z,,False,preexisting_or_unknown
figures\stage10_discrete\10_discrete_symmetry_summary.png,.png,183936,2026-05-29T12:34:49.377401+00:00,1d7cb0e1eddb75d641899d136f5449adac4635ed5734d60b525a6c3c0b607aa3,20260603T123439Z,,False,preexisting_or_unknown
figures\stage10_discrete\10_discrete_symmetry_summary.png.txt,.txt,95,2026-05-29T12:34:49.378667+00:00,e53694331de7b6ddac06312521cc016594d4ac362ba9d6e51bc3dd1ba6c16b91,20260603T123439Z,,False,preexisting_or_unknown
figures\stage10_discrete\10_discrete_transverse_gallery.png,.png,1071177,2026-05-29T12:34:49.019983+00:00,6ab12662bc59bf72dd8f6996c0b7d3f37f78504ce0045b21c51aeaea2f81810e,20260603T123439Z,,False,preexisting_or_unknown
figures\stage10_discrete\10_discrete_transverse_gallery.png.txt,.txt,96,2026-05-29T12:34:49.019983+00:00,f7d54e12fc8db0bb833b032af27f5ce519816943a024f7bcb340b7865c199c8e,20260603T123439Z,,False,preexisting_or_unknown
figures\stage10_discrete\captions_manifest.jsonl,.jsonl,19760,2026-05-29T12:34:52.524053+00:00,0acb37254eaa021ca63241d6f4f2e67b3d6384d4a247cf0becb09625efbe80be,20260603T123439Z,,False,preexisting_or_unknown
figures\stage9_capsule\09_capsule_axial_flat_top_trace.png,.png,68034,2026-05-29T11:52:30.948953+00:00,84df7af2c87a1c8c4d786f54e1b3b4f2f7209f34ff7eaf76fdd5ca40d85306bf,20260603T123439Z,,False,preexisting_or_unknown
figures\stage9_capsule\09_capsule_axial_flat_top_trace.png.txt,.txt,211,2026-05-29T11:52:30.951667+00:00,60fa2f76f631033e3309f295fd78c93df0c27824bccac395c03382264cc47efa,20260603T123439Z,,False,preexisting_or_unknown
figures\stage9_capsule\09_capsule_capsule_index_sweep.png,.png,137892,2026-05-29T11:52:30.599566+00:00,b63cb31cfbeaad720a14d52a9d10d8d3d08190cfa9b3bbefde3ec743a884c070,20260603T123439Z,,False,preexisting_or_unknown
figures\stage9_capsule\09_capsule_capsule_index_sweep.png.txt,.txt,185,2026-05-29T11:52:30.602529+00:00,172dd09da5ffbed63d2c422c3dcb66a93c8233d2628e4b10b60f6d8ef03b1920,20260603T123439Z,,False,preexisting_or_unknown
figures\stage9_capsule\09_capsule_design_feasibility_map.png,.png,69436,2026-05-29T11:52:27.408116+00:00,83ae00205ebedc938fad7c8717e5835ed9366fbf0a86e0a4bac5dda9f13924c3,20260603T123439Z,,False,preexisting_or_unknown
figures\stage9_capsule\09_capsule_design_feasibility_map.png.txt,.txt,191,2026-05-29T11:52:27.411651+00:00,b27f3d1a1589702375be8d793b133da24c88dc196c36bf19e25c5071a04782fd,20260603T123439Z,,False,preexisting_or_unknown
figures\stage9_capsule\09_capsule_radial_profile_ridgelines.png,.png,290012,2026-05-29T11:52:31.407331+00:00,f4ffb0cc9f75486a51d9fb8f28bb1a94a3a46b29c296dbacb0f886dc1e1d629c,20260603T123439Z,,False,preexisting_or_unknown
figures\stage9_capsule\09_capsule_radial_profile_ridgelines.png.txt,.txt,219,2026-05-29T11:52:31.410393+00:00,58a54185d480f48acf70be0f5dbfbdf889613b038ae49007693506984e554b93,20260603T123439Z,,False,preexisting_or_unknown
figures\stage9_capsule\09_capsule_rz_threshold_ideal_vs_lab.png,.png,158735,2026-05-29T11:52:30.101891+00:00,ecc67af3de33d58921ba2215af73fc41df605c21b127f46ddefad107768f82c1,20260603T123439Z,,False,preexisting_or_unknown
figures\stage9_capsule\09_capsule_rz_threshold_ideal_vs_lab.png.txt,.txt,213,2026-05-29T11:52:30.103907+00:00,966ffa405def741af2ea1c83a2aef48775c2ef5401ff00018b27c266dc168667,20260603T123439Z,,False,preexisting_or_unknown
figures\stage9_capsule\09_capsule_teardrop_to_capsule_morph.png,.png,313887,2026-05-29T11:52:32.765179+00:00,d24d2705def55ad110d499198c31e4a2f00c0737a3577b582b24a9413866741c,20260603T123439Z,,False,preexisting_or_unknown
figures\stage9_capsule\09_capsule_teardrop_to_capsule_morph.png.txt,.txt,201,2026-05-29T11:52:32.765179+00:00,28d1c5d0e0c1b61a1863cf8bc4767d61e7b4d94a48e5c9504665a20e926f0daf,20260603T123439Z,,False,preexisting_or_unknown
figures\stage9_capsule\captions_manifest.jsonl,.jsonl,8750,2026-05-29T11:52:32.765179+00:00,687d93b8e16f874cab66f9f8643f6ebfafc0f235b3a9a33c74c0219cfa3bc89a,20260603T123439Z,,False,preexisting_or_unknown
figures\stage_c\captions_manifest.jsonl,.jsonl,20231,2026-06-01T15:10:53.369459+00:00,ed5bd977df66336f93345d078b00a17d94926d8a69017b9ddb200f00e0094aa2,20260603T123439Z,,False,preexisting_or_unknown
figures\stage_c\stage_c5_holographic_carrier_filter_tradeoff.png,.png,203748,2026-06-01T15:09:32.143272+00:00,7ba83fcca76b6781239662bc227d592eabf3c4530bee7f7d694a7f5457556dd3,20260603T123439Z,,False,preexisting_or_unknown
figures\stage_c\stage_c5_holographic_carrier_filter_tradeoff.png.txt,.txt,201,2026-06-01T15:09:32.149140+00:00,6e5d9a5e277d0147c9c3fdea8b6af6b03e4d9798a15ebc718fd545dbfd087ba7,20260603T123439Z,,False,preexisting_or_unknown
figures\stage_c\stage_c_air_axial_trace_ell0_core3_L150.png,.png,107927,2026-05-31T17:40:56.823879+00:00,727a0b5c3c20f9767348efde70d2ff6f92f61126a9bfcadeb8b98820f9e98116,20260603T123439Z,,False,preexisting_or_unknown
figures\stage_c\stage_c_air_axial_trace_ell0_core3_L150.png.txt,.txt,155,2026-05-31T17:40:56.823879+00:00,98aed472a32af8b18f0b6282b0f6113f2c5f5433058056a94af73fe0b481af5e,20260603T123439Z,,False,preexisting_or_unknown
figures\stage_c\stage_c_interface_depth_sample_study.png,.png,132731,2026-05-31T17:45:03.327650+00:00,23b6bd51639caee5acd38dacf2a267ac0b156ee3caf077bb7ab241aefef0b9dc,20260603T123439Z,,False,preexisting_or_unknown
figures\stage_c\stage_c_interface_depth_sample_study.png.txt,.txt,122,2026-05-31T17:45:03.338367+00:00,2fe5203c62fed25bf6412b1f231ca0befddcf905a02c34eb28c4dc9bdad7e6d3,20260603T123439Z,,False,preexisting_or_unknown
figures\stage_c\stage_c_lab_comparison_panel.png,.png,351379,2026-05-31T17:44:27.553958+00:00,fe3aba9e4895233fd051a0c2ed42f70f953d5af1c33777ad2297cd6be313d2b0,20260603T123439Z,,False,preexisting_or_unknown
figures\stage_c\stage_c_lab_comparison_panel.png.txt,.txt,85,2026-05-31T17:44:27.561273+00:00,a8ed9c614070af62d289b54d9d0d984140201dccdf5428e278da0a4e24ef39e8,20260603T123439Z,,False,preexisting_or_unknown
figures\stage_c\stage_c_oat_tornado.png,.png,50395,2026-05-31T17:45:49.303870+00:00,afaa1bfe984552938c871be8da548997624fdf9bd51d70382657d04b4badd969,20260603T123439Z,,False,preexisting_or_unknown
figures\stage_c\stage_c_oat_tornado.png.txt,.txt,233,2026-05-31T17:45:49.303870+00:00,210219ff457398fc767a356fc278c6c4e81e34236f5718c43e558bf62102278d,20260603T123439Z,,False,preexisting_or_unknown
figures\stage_c\stage_c_polarization_quiver_ring.png,.png,228024,2026-05-31T17:45:49.793050+00:00,2035788da1c8cc7b79715dfd84a634a2945223fc10bb4bd8ab7ee191703a3a56,20260603T123439Z,,False,preexisting_or_unknown
figures\stage_c\stage_c_polarization_quiver_ring.png.txt,.txt,98,2026-05-31T17:45:49.796230+00:00,43edf18b0d62d913670206bc28441065e1fa7abeccd6b9f5de76a4b3a61e1126,20260603T123439Z,,False,preexisting_or_unknown
figures\stage_c\stage_c_sampling_qa_limits.png,.png,54719,2026-06-01T15:10:53.369459+00:00,3d052decc52059d271386562e44e9ee67c1445f6293a195f16c47efc914f95cd,20260603T123439Z,,False,preexisting_or_unknown
figures\stage_c\stage_c_sampling_qa_limits.png.txt,.txt,155,2026-06-01T15:10:53.369459+00:00,97c16cf9d09f8c635153e6bd5c7010fc597ec1fdd48bcbe56447064300a64979,20260603T123439Z,,False,preexisting_or_unknown
figures\stage_c\stage_c_stable_bessel_region_heatmap.png,.png,72292,2026-05-31T17:44:21.616424+00:00,47f0331f32b302869f987c4ef2b539ad578bbf63bfb58f4c8fc49d54e36d9738,20260603T123439Z,,False,preexisting_or_unknown
figures\stage_c\stage_c_stable_bessel_region_heatmap.png.txt,.txt,97,2026-05-31T17:44:21.616424+00:00,3137ca64b3f626577a0a23505b2b7677d0a4f7809288b36170c48c061e19478c,20260603T123439Z,,False,preexisting_or_unknown
figures\stage_c\stage_c_train_holographic.png,.png,4547818,2026-06-01T15:10:48.771304+00:00,ffb1e8169c25bfbd6fe02c2163358ad4535a54174d3e33d3c91df2de89c6a2b9,20260603T123439Z,,False,preexisting_or_unknown
figures\stage_c\stage_c_train_holographic.png.txt,.txt,130,2026-06-01T15:10:48.776662+00:00,bda5817c7b4bba9af5e9047153d194fdb8f50fa2628ba856065aa419f6b4a7ff,20260603T123439Z,,False,preexisting_or_unknown
figures\stage_c\stage_c_train_physical.png,.png,4378762,2026-06-01T15:10:52.994670+00:00,bc10cd4154e8df428439080c21bc21f6984fdf61ddeb4f0834356e45693c0b50,20260603T123439Z,,False,preexisting_or_unknown
figures\stage_c\stage_c_train_physical.png.txt,.txt,165,2026-06-01T15:10:52.995914+00:00,61d37eeb24bd411fb9356627fc9e441a80809f50ecf6af5994626af43c0773bf,20260603T123439Z,,False,preexisting_or_unknown
figures\stage_d\captions_manifest.jsonl,.jsonl,6108,2026-06-01T16:42:32.206522+00:00,7d8b1ae6f99075209b038d0f4a6c53f6f734370c67cf95ff57ca68890ef8b143,20260603T123439Z,,False,preexisting_or_unknown
figures\stage_d\NB_through_sample_general_holographic_lab.png,.png,478859,2026-06-01T16:42:30.891209+00:00,13e6a58e09350566a08ff7349ef6cc8099847807f7eae444d966ced7d415855f,20260603T123439Z,,False,preexisting_or_unknown
figures\stage_d\NB_through_sample_general_holographic_lab.png.txt,.txt,239,2026-06-01T16:42:30.891209+00:00,fd2e5a8fc2731da1f43142507ee80f8b64f3ec5590b7632390c3b17515415c21,20260603T123439Z,,False,preexisting_or_unknown
figures\stage_d\NB_through_sample_general_physical_lab.png,.png,418021,2026-06-01T16:42:32.194186+00:00,099585cd74df4d32c10f2b9637f271fb6412f3e4e0a71598c1b6f718e3d74f87,20260603T123439Z,,False,preexisting_or_unknown
figures\stage_d\NB_through_sample_general_physical_lab.png.txt,.txt,239,2026-06-01T16:42:32.205502+00:00,fd2e5a8fc2731da1f43142507ee80f8b64f3ec5590b7632390c3b17515415c21,20260603T123439Z,,False,preexisting_or_unknown
figures\stage_e\captions_manifest.jsonl,.jsonl,15468,2026-06-01T20:48:20.316069+00:00,4dd4f0e9ddaf4e241801b78ea4e272649e60e84bff7e11576c97ba1a78c057a0,20260603T123439Z,,False,preexisting_or_unknown
figures\stage_e\NB_full_journey_general_holographic.png,.png,498880,2026-06-01T20:45:24.576021+00:00,a1e3e8af69ec29caf2b86b3446fe72aa62eef883acd96f3c325f16b9516f0fc6,20260603T123439Z,,False,preexisting_or_unknown
figures\stage_e\NB_full_journey_general_holographic.png.txt,.txt,231,2026-06-01T20:45:24.590326+00:00,cfd03121a4dd2f34d4a1db04aa052380ae60f6d8fc07d79100fb322006df0ce8,20260603T123439Z,,False,preexisting_or_unknown
figures\stage_e\NB_full_journey_general_physical.png,.png,451203,2026-06-01T20:46:02.624735+00:00,749d645c726d8bbed1c7ac496cf5189ad5e5724ab3f782078c3e72b150beeedd,20260603T123439Z,,False,preexisting_or_unknown
figures\stage_e\NB_full_journey_general_physical.png.txt,.txt,228,2026-06-01T20:46:02.624735+00:00,dd19a80549b4110b7c08ec7d2bf11d645dcc9187dbae599853f49ba5f9c1eca5,20260603T123439Z,,False,preexisting_or_unknown
figures\stage_e\NB_full_journey_limits_holographic.png,.png,558527,2026-06-01T20:47:07.141873+00:00,08d7d639bab01a25dd379b3ba6c4315f68ed1c4aa70f2f95b5254348254a5091,20260603T123439Z,,False,preexisting_or_unknown
figures\stage_e\NB_full_journey_limits_holographic.png.txt,.txt,230,2026-06-01T20:47:07.146262+00:00,4423b1389da8ca873652e39a8cd34487aeda069ce6936e2053bb8ec964b114a0,20260603T123439Z,,False,preexisting_or_unknown
figures\stage_e\NB_full_journey_limits_physical.png,.png,526985,2026-06-01T20:48:20.309442+00:00,f7ed84a220db43a26665aa5e34a2312000ab851014cd50764358f16e852e5dcf,20260603T123439Z,,False,preexisting_or_unknown
figures\stage_e\NB_full_journey_limits_physical.png.txt,.txt,227,2026-06-01T20:48:20.315310+00:00,12ec2c7df0727c3f338213084fea8f4b6bdadb58132511443f7e35f8511f7a6a,20260603T123439Z,,False,preexisting_or_unknown
figures\stage_f\captions_manifest.jsonl,.jsonl,3732,2026-06-01T21:06:01.634253+00:00,9e1e85b6a7b6cccd9ab6d907beb09ecc2212b6eb83fb59cab81e66754ef69ad9,20260603T123439Z,,False,preexisting_or_unknown
figures\stage_f\F01_rz_fluence_pair.png,.png,215525,2026-06-01T21:05:58.022564+00:00,685b09b3d086dd5b00d2f2606d4cb9273fd19b4abb7297b2420dd091dce9ec6f,20260603T123439Z,,False,preexisting_or_unknown
figures\stage_f\F01_rz_fluence_pair.png.txt,.txt,243,2026-06-01T21:05:58.022564+00:00,f30d5f1a9849ab52e5c2295b25d978e764848d9e92eeedb522079b29faaf3ce3,20260603T123439Z,,False,preexisting_or_unknown
figures\stage_f\F02_capsule_morph.png,.png,584555,2026-06-01T21:05:59.482781+00:00,0f1ec66261d7ac1e0be02ee506df258d4a10a559946edcad077860127ddfb0af,20260603T123439Z,,False,preexisting_or_unknown
figures\stage_f\F02_capsule_morph.png.txt,.txt,249,2026-06-01T21:05:59.482781+00:00,2e8c0df859b55e1a74359a7e4ee7a64c6a37508dcf5955241f5cc32e8f56c25f,20260603T123439Z,,False,preexisting_or_unknown
figures\stage_f\F03_design_feasibility.png,.png,111259,2026-06-01T21:06:00.162686+00:00,0af308aba2bc1b873003dee97bdac28780fb7d3aeda6870ecae14e9c88202fc4,20260603T123439Z,,False,preexisting_or_unknown
figures\stage_f\F03_design_feasibility.png.txt,.txt,372,2026-06-01T21:06:00.162686+00:00,be79d6fe818d66ea768072ece695628b6b6355d128ab6d41abf065d32f261a61,20260603T123439Z,,False,preexisting_or_unknown
figures\stage_f\F04_tgv_taper_proxy.png,.png,134679,2026-06-01T21:06:00.598252+00:00,1058cace33ffc1aa5aafdf9a2b6d33307edfc51ab3b786147f461b380f219eb9,20260603T123439Z,,False,preexisting_or_unknown
figures\stage_f\F04_tgv_taper_proxy.png.txt,.txt,232,2026-06-01T21:06:00.598252+00:00,abf0c417c395528da2ca3bf0797614ea9812ea0b82c3222a89e91b2b5bd36b9f,20260603T123439Z,,False,preexisting_or_unknown
figures\stage_f\F05_feature_geometry_table.png,.png,179942,2026-06-01T21:06:01.634253+00:00,06551541a5e931119485c88f2b41cb9c2b40ed7bc3e61b996e4978a52c926ce5,20260603T123439Z,,False,preexisting_or_unknown
figures\stage_f\F05_feature_geometry_table.png.txt,.txt,275,2026-06-01T21:06:01.634253+00:00,ce19857c1a50d1303b071d92695fdd6ad8674f2887d1e8b1e706bb2bfd991630,20260603T123439Z,,False,preexisting_or_unknown
figures\stage_h2\captions_manifest.jsonl,.jsonl,10667,2026-06-02T13:46:37.768896+00:00,ec56944dfaec2e1d08e430776ed426eeb1687edbc9112ebb3543e2efa9eb1e56,20260603T123439Z,,False,preexisting_or_unknown
figures\stage_h2\H2_01_knob_sweep.png,.png,108519,2026-06-02T13:46:23.951276+00:00,1241878afd6fc551b512434eb758f2dfc3169cb520ad51b3b7a5a457baf08d27,20260603T123439Z,,False,preexisting_or_unknown
figures\stage_h2\H2_01_knob_sweep.png.txt,.txt,305,2026-06-02T13:46:23.951276+00:00,c1d0a3cb17206a25a67e7ea08965df2fa3669afe9a2a59385fb27f9fd8f1d387,20260603T123439Z,,False,preexisting_or_unknown
figures\stage_h2\H2_02_air_sixfold_zone.png,.png,112198,2026-06-02T13:46:24.571254+00:00,ad422bc985f64499561280809ebd1924b90f62a4e6a20d3ac0900c1b164e29be,20260603T123439Z,,False,preexisting_or_unknown
figures\stage_h2\H2_02_air_sixfold_zone.png.txt,.txt,197,2026-06-02T13:46:24.571254+00:00,c48626177e07b79d4f7cb5956c8fd9441a1ff33197cd7b02aba520e6779c1cf4,20260603T123439Z,,False,preexisting_or_unknown
figures\stage_h2\H2_03_best_hexagon_ideal_lab.png,.png,582875,2026-06-02T13:46:28.271000+00:00,ed95bb6c36dd535d7befe410601ff6493ca8a274345f14aa14083a493405951e,20260603T123439Z,,False,preexisting_or_unknown
figures\stage_h2\H2_03_best_hexagon_ideal_lab.png.txt,.txt,134,2026-06-02T13:46:28.281192+00:00,9cec8dd842002560a6655a96c9f74f1a6892c013c5440c77737816ab724f4ba4,20260603T123439Z,,False,preexisting_or_unknown
figures\stage_h2\H2_04_in_medium_survival.png,.png,211527,2026-06-02T13:46:37.762245+00:00,f0583ab31a68b29cc749cc94f338347a406e73c20eda2c9996335a012b2cfaa3,20260603T123439Z,,False,preexisting_or_unknown
figures\stage_h2\H2_04_in_medium_survival.png.txt,.txt,241,2026-06-02T13:46:37.762245+00:00,4cbb7fe25a1b018878068074b017d80313645953f8e84e5576dd9e889d5caf62,20260603T123439Z,,False,preexisting_or_unknown
figures\stage_h2\H2_05_transient_hexlike_candidates.png,.png,408592,2026-06-02T13:53:18.679054+00:00,b8bb0d1e98944aa2c4bb5eb82f338fc6bea00e8c47168260995d8ced018d2368,20260603T123439Z,,False,preexisting_or_unknown
figures\stage_h2\H2_05_transient_hexlike_candidates.png.txt,.txt,212,2026-06-03T12:32:07.772375+00:00,0c09e348344b83378d330916edb7f8ae9a06a83c0ea81ce12a8d45642667481c,20260603T123439Z,,False,preexisting_or_unknown
figures\stage_h2\H2_debug_air_z_slices.png,.png,608264,2026-06-02T13:27:51.067001+00:00,77ae404a98ca540a862cd2380c40050e3d6256df193850cc50dbe7a3f136e738,20260603T123439Z,,False,preexisting_or_unknown
figures\stage_h2\H2_debug_air_z_slices.png.txt,.txt,186,2026-06-03T12:32:07.820659+00:00,6f62e3d6dfbc2ff22a54a7da562706da146e6a5ad438bf22053ae4844a8ace57,20260603T123439Z,,False,preexisting_or_unknown
figures\stage_h2\H2_debug_best_candidate_z_slices.png,.png,499985,2026-06-02T13:42:56.918418+00:00,0729aa1c4baddc13e1914a78a961f2957c2abf00e51c39cb9995dd595723e762,20260603T123439Z,,False,preexisting_or_unknown
figures\stage_h2\H2_debug_best_candidate_z_slices.png.txt,.txt,208,2026-06-03T12:32:07.868937+00:00,b62bb879be8df215599ee22afb24008e352c1e6639467c89e01590f2a6a9a77d,20260603T123439Z,,False,preexisting_or_unknown
figures\stage_h\captions_manifest.jsonl,.jsonl,6804,2026-06-02T13:08:39.372263+00:00,c68cf894d6061afc05a5bc0fca5eab8c1aaaa77cacdf418c77a9c681a10c58fa,20260603T123439Z,,False,preexisting_or_unknown
figures\stage_h\H01_acceptance_test.png,.png,193679,2026-06-02T13:08:13.744474+00:00,23d547d8073ed9e8d8524f12a56fcab22880cd4aa5508c477fe379a090d296ea,20260603T123439Z,,False,preexisting_or_unknown
figures\stage_h\H01_acceptance_test.png.txt,.txt,135,2026-06-02T13:08:13.753321+00:00,3727d563a622abfe515417c2d0e1a64e94b8e9d0654c9f75e624e1d2dd694db8,20260603T123439Z,,False,preexisting_or_unknown
figures\stage_h\H02_modulation_sweep.png,.png,132204,2026-06-02T13:08:25.576228+00:00,8616dc9b6dcad054a8a6e53d12317609b4975538bdef382f0490b5be18becd20,20260603T123439Z,,False,preexisting_or_unknown
figures\stage_h\H02_modulation_sweep.png.txt,.txt,236,2026-06-02T13:08:25.584328+00:00,a74398dd6cabb64019535a9595678005e3051db02ea5a06ea816fe162ca3b2f0,20260603T123439Z,,False,preexisting_or_unknown
figures\stage_h\H03_fair_comparison.png,.png,1522494,2026-06-02T13:08:34.488110+00:00,b53822a684b25b60aaa1768157d4ce04df628ac04abfe5c634c14a4dbfa246b7,20260603T123439Z,,False,preexisting_or_unknown
figures\stage_h\H03_fair_comparison.png.txt,.txt,211,2026-06-02T13:08:34.488110+00:00,a53a86e926444d9da2df427ae6e0720c9775178bd912b05b57b08d87f78ca5e0,20260603T123439Z,,False,preexisting_or_unknown
figures\stage_h\H04_z_stability.png,.png,169359,2026-06-02T13:08:37.088194+00:00,356e4e41260c983f08ac293285c14baff9d747546a56ce3f02f9eae2971711ca,20260603T123439Z,,False,preexisting_or_unknown
figures\stage_h\H04_z_stability.png.txt,.txt,145,2026-06-02T13:08:37.088194+00:00,d2d2a44bd6405b9768c633048ee9a54d180e1cbe34555d58c58ba735ddf0956e,20260603T123439Z,,False,preexisting_or_unknown
figures\stage_h\H05_qplate_radial_anomaly.png,.png,229587,2026-06-02T13:08:39.372263+00:00,60dadf00fc6a4a4815cbac8c75a9fcf94e7accb511f6a0b477724d0b15e8b83e,20260603T123439Z,,False,preexisting_or_unknown
figures\stage_h\H05_qplate_radial_anomaly.png.txt,.txt,261,2026-06-02T13:08:39.372263+00:00,a885099265c2769406c83f11aa03d46227c1f888dc32f35ac4e3850ecef2eacc,20260603T123439Z,,False,preexisting_or_unknown
holograms\hex_outline\bessel_like_wide_single_plane_seeded_hollow_hex_outline_params.json,.json,1289,2026-06-02T16:06:48.175653+00:00,a3b3545264a764bbe0fd590faf127ac0b1b308708831d60cda55f2bd18600f19,20260603T123439Z,,False,preexisting_or_unknown
holograms\hex_outline\bessel_like_wide_single_plane_seeded_hollow_hex_outline_phase.png,.png,11035,2026-06-02T16:06:48.175653+00:00,94f776b62c444d0e570fc5fbea4f0149702ffacce9f25b08062f20501d1fc487,20260603T123439Z,,False,preexisting_or_unknown
holograms\hex_outline\bessel_like_wide_single_plane_seeded_hollow_hex_outline_phase.png.txt,.txt,266,2026-06-03T12:32:08.076136+00:00,a359c6114792d9e593008102865bb8857b5c3899168c0ddc035353b5247ff556,20260603T123439Z,,False,preexisting_or_unknown
holograms\hex_outline\hybrid_wide_transient_phase_seed_hollow_hex_outline_params.json,.json,1286,2026-06-02T15:51:51.753914+00:00,d0035a9fb383b071587c8cbe664dda0270cf17c441dd46e77879beb8f9d3a5db,20260603T123439Z,,False,preexisting_or_unknown
holograms\hex_outline\hybrid_wide_transient_phase_seed_hollow_hex_outline_phase.png,.png,11003,2026-06-02T15:51:51.753914+00:00,53e9a58e978d46a5f015841fee17b815dad847dfa7a88a804772a0f42b7fd6ff,20260603T123439Z,,False,preexisting_or_unknown
holograms\hex_outline\hybrid_wide_transient_phase_seed_hollow_hex_outline_phase.png.txt,.txt,258,2026-06-03T12:32:08.115246+00:00,d989318a0d39bc706d02fdb68247818bed60b69f3bfd1a0ff51b98e023caf982,20260603T123439Z,,False,preexisting_or_unknown
holograms\hex_outline\wide_outline_hollow_hex_outline_params.json,.json,1280,2026-06-02T14:21:39.033596+00:00,a4be4cb08bcb5339872914f7ca047640c442080c265c316eaa0af82093d79d67,20260603T123439Z,,False,preexisting_or_unknown
holograms\hex_outline\wide_outline_hollow_hex_outline_phase.png,.png,11096,2026-06-02T14:21:39.032597+00:00,78762df88e5eda1bdc9568524de7f9eec362277b2a87345e672f11926f5b0382,20260603T123439Z,,False,preexisting_or_unknown
holograms\hex_outline\wide_outline_hollow_hex_outline_phase.png.txt,.txt,218,2026-06-03T12:32:08.147246+00:00,871a02f98f50fc40078b555c85431740f47383893bc2dc4673adb60855eb73ea,20260603T123439Z,,False,preexisting_or_unknown
holograms\hex_outline\zernike_ell4_Z6_6_amp+0.00_hex_bessel_params.json,.json,1228,2026-06-02T16:26:59.580491+00:00,4004ed7de9c606e57d6bc662273650b6e4c03a2a3d2dedb0c1db6470365f5c76,20260603T123439Z,,False,preexisting_or_unknown
holograms\hex_outline\zernike_ell4_Z6_6_amp+0.00_hex_bessel_phase.png,.png,26950,2026-06-02T16:26:59.579488+00:00,8e11bdb97043af9fe2a77f9aea5fce90a6e29a1976d9c09e277b840108627ad3,20260603T123439Z,,False,preexisting_or_unknown
holograms\hex_outline\zernike_ell4_Z6_6_amp+0.00_hex_bessel_phase.png.txt,.txt,230,2026-06-03T12:32:08.190807+00:00,0fb2f1412cbe41da846baeba625871025b5946eeea26017c66bfd811494d820a,20260603T123439Z,,False,preexisting_or_unknown
holograms\polarized_train\segmented_ra_physical_axicon_train_fast_axis_8bit.png,.png,2379,2026-05-29T18:20:20.158998+00:00,97d7b3dc49f31796992cb07a61a5cddcf7d126a3c686bccdbc1f08036b73c265,20260603T123439Z,,False,preexisting_or_unknown
holograms\polarized_train\segmented_ra_physical_axicon_train_fast_axis_8bit.png.txt,.txt,304,2026-05-29T17:54:26.465121+00:00,4468f01b35805a4c1d744485fb729b76a7a28b1354b1e413b75a0053f2f4d0dd,20260603T123439Z,,False,preexisting_or_unknown
holograms\polarized_train\segmented_ra_physical_axicon_train_params.json,.json,808,2026-05-29T18:20:20.163350+00:00,33780fe825f739bf5c1e1452509647f1b967e5b528004f54a51a1e6c098777c4,20260603T123439Z,,False,preexisting_or_unknown
holograms\polygonal_hex_ring\11_polygonal_hexagonal_vortex_ring.json,.json,468,2026-05-29T17:00:58.718362+00:00,0d7c2cb152e57c4d36daeb7eb4217b7a534367e854e246979befa5c075c8e36e,20260603T123439Z,,False,preexisting_or_unknown
holograms\polygonal_hex_ring\11_polygonal_hexagonal_vortex_ring.png,.png,18990,2026-05-29T17:00:58.712717+00:00,b177a5484630a8536b9860c210181e79fc9d11f963988e11162e201555b2d4bb,20260603T123439Z,,False,preexisting_or_unknown
holograms\polygonal_hex_ring\11_polygonal_hexagonal_vortex_ring.png.txt,.txt,274,2026-05-29T12:32:52.879989+00:00,181abca784957040066c7f79dffd0db17789914ed017980a6d6ac5a97d913fde,20260603T123439Z,,False,preexisting_or_unknown
holograms\publication_study\ell0_core3_L150.json,.json,3009,2026-05-29T13:56:56.833113+00:00,a39cea2fbe0c32778443f946a164af3b426c28c063221f7d7e2fa2614a4ac372,20260603T123439Z,,False,preexisting_or_unknown
holograms\publication_study\ell0_core3_L150.png,.png,174782,2026-05-29T13:56:56.831448+00:00,1bfed0a3d6da22cc1b41cf19c1cfce2ba0075178462eb06b21968f883cecc414,20260603T123439Z,,False,preexisting_or_unknown
holograms\publication_study\ell0_core3_L150.png.txt,.txt,236,2026-05-29T00:10:03.446031+00:00,3853e65e2fdb87373ca7be5f2a56620e43e36bbbeb5db0bba0eaddf9266db202,20260603T123439Z,,False,preexisting_or_unknown
holograms\publication_study\ell3_core3_L150.json,.json,3028,2026-05-29T13:56:59.723452+00:00,bc3cca16a98c2602e370cd1a0bb7adcf1a2fe5b9a85486767ed79dfed5b46b39,20260603T123439Z,,False,preexisting_or_unknown
holograms\publication_study\ell3_core3_L150.png,.png,182737,2026-05-29T13:56:59.720176+00:00,a316d1272baa5f75fe3acbc2346a84db52fd021cb1b91bc53cb15d11147050a5,20260603T123439Z,,False,preexisting_or_unknown
holograms\publication_study\ell3_core3_L150.png.txt,.txt,236,2026-05-29T00:10:03.446031+00:00,ace6777554719ba8a4bb043d23167e638b18f46e9af0ef57eca1030d8eb119d7,20260603T123439Z,,False,preexisting_or_unknown
holograms\publication_study\ell5_core4_L200.json,.json,3050,2026-05-29T13:57:02.441786+00:00,2ae4f0987282e40165a12b58e83a452bcbe07180b75d45c2021f096596fd65d2,20260603T123439Z,,False,preexisting_or_unknown
holograms\publication_study\ell5_core4_L200.png,.png,179849,2026-05-29T13:57:02.441786+00:00,63ba1860bdedc3b80f4a5385eea655c9d01f1381021f2322401a39077fdf2d0a,20260603T123439Z,,False,preexisting_or_unknown
holograms\publication_study\ell5_core4_L200.png.txt,.txt,236,2026-05-29T00:10:03.446031+00:00,0f0094cebddf3765b86db5062ed86fe136d9b83121c341b530d388757ec5c805,20260603T123439Z,,False,preexisting_or_unknown
holograms\stage10_discrete\10_discrete_hexagonal_lab.json,.json,344,2026-05-29T12:34:47.254372+00:00,ad5ea4ba8d5dde6c5a9c713f12e0d4a475865249feb78099ac46bcde042043e7,20260603T123439Z,,False,preexisting_or_unknown
holograms\stage10_discrete\10_discrete_hexagonal_lab.png,.png,15435,2026-05-29T12:34:47.254372+00:00,a3bffd16dfb57fc6f0cf7d6a1a8cb764a19ee45f4bd493d522a4f0ef1ea42900,20260603T123439Z,,False,preexisting_or_unknown
holograms\stage10_discrete\10_discrete_hexagonal_lab.png.txt,.txt,256,2026-05-29T11:52:52.680844+00:00,7392beca0961db1a9fda2b7ec98a9cbddee6d1ee03f5de76fbab6ce3d61b0528,20260603T123439Z,,False,preexisting_or_unknown
holograms\stage10_discrete\10_discrete_hexagonal_vortex_lab.json,.json,424,2026-05-29T12:34:47.271889+00:00,2d538244f5fc3e518d3e18d55caea6fa9f55ed7f16ded2c9269d57531da01423,20260603T123439Z,,False,preexisting_or_unknown
holograms\stage10_discrete\10_discrete_hexagonal_vortex_lab.png,.png,27715,2026-05-29T12:34:47.271889+00:00,ec3377556de11c2e1066083f73dfbac4c6428d7bfd2145d51ebad4244746f99e,20260603T123439Z,,False,preexisting_or_unknown
holograms\stage10_discrete\10_discrete_hexagonal_vortex_lab.png.txt,.txt,270,2026-05-29T11:52:52.696546+00:00,35cdfef47b6df994a0e1703269671c9eef80eb3b8b5fb9c8b1fb6ffc3618cd45,20260603T123439Z,,False,preexisting_or_unknown
holograms\stage10_discrete\10_discrete_honeycomb_lab.json,.json,385,2026-05-29T12:34:47.267095+00:00,fd954235c266fb16788b24529e8c026eee3843a8011925c220ce894fd67c373e,20260603T123439Z,,False,preexisting_or_unknown
holograms\stage10_discrete\10_discrete_honeycomb_lab.png,.png,18518,2026-05-29T12:34:47.267095+00:00,5b26b7743ca844e4a3ebfd812df40ef89f65b7293513cb898e4d664eeebb64a2,20260603T123439Z,,False,preexisting_or_unknown
holograms\stage10_discrete\10_discrete_honeycomb_lab.png.txt,.txt,256,2026-05-29T11:52:52.722952+00:00,44c1b218f8dac7bfa3949b26844598c407749de0d591d5a4c35b73b358adf56a,20260603T123439Z,,False,preexisting_or_unknown
holograms\stage10_discrete\10_discrete_kagome_lab.json,.json,401,2026-05-29T12:34:47.262618+00:00,5a76dcdf69a3c6cf80e976fa382c9c3485353bf18d049a3ccd47292c9f68da98,20260603T123439Z,,False,preexisting_or_unknown
holograms\stage10_discrete\10_discrete_kagome_lab.png,.png,26487,2026-05-29T12:34:47.262618+00:00,925411699546a7b72c100a74b2579b865a5f75bf9e7c33ed9390f0c1fd15e630,20260603T123439Z,,False,preexisting_or_unknown
holograms\stage10_discrete\10_discrete_kagome_lab.png.txt,.txt,250,2026-05-29T11:52:52.743798+00:00,5613349ba6fd96d02099d93854888216609f45cc1584eb4db1d895446030ea52,20260603T123439Z,,False,preexisting_or_unknown
holograms\stage10_discrete\10_discrete_square_lab.json,.json,321,2026-05-29T12:34:47.254372+00:00,82a97cbe9609d13f1f2ca321246a933ce66b8ba172ad9b250f8b8f354264b9b7,20260603T123439Z,,False,preexisting_or_unknown
holograms\stage10_discrete\10_discrete_square_lab.png,.png,14749,2026-05-29T12:34:47.254372+00:00,c8203a5a15c9c503d6c3c9d30049fb2e9c0e10b1dd2a05a883f043df60d946f3,20260603T123439Z,,False,preexisting_or_unknown
holograms\stage10_discrete\10_discrete_square_lab.png.txt,.txt,250,2026-05-29T11:52:52.775297+00:00,49b20cb124d293ab4b73dbdeb93dc4e32549c72cd88dbb13aaeb5f13e010b30a,20260603T123439Z,,False,preexisting_or_unknown
holograms\stage10_discrete\10_discrete_triangular_lab.json,.json,345,2026-05-29T12:34:47.247388+00:00,ba9a86bce46157f25cda9a9e5a477b2f69f5fcf3b323eb1910a37d891c837d12,20260603T123439Z,,False,preexisting_or_unknown
holograms\stage10_discrete\10_discrete_triangular_lab.png,.png,23981,2026-05-29T12:34:47.247388+00:00,80f25f84102d91d38d64d3456fda9da8df71e1cc72b0b10d72fdb04f90d97be2,20260603T123439Z,,False,preexisting_or_unknown
holograms\stage10_discrete\10_discrete_triangular_lab.png.txt,.txt,258,2026-05-29T11:52:52.806813+00:00,8371d738d7cb3b209543e1bc2c588acbdd96e1c9441a438becc3fe6cd36abd1c,20260603T123439Z,,False,preexisting_or_unknown
interface_correction\reference_uncorrected_metrics_prechange.json,.json,5526,2026-05-29T12:08:17.155392+00:00,6c6d259051bb7a3834035f79ac8f4844c898e398af4e3b5f4b88831d7ae9bd82,20260603T123439Z,,False,preexisting_or_unknown
json\hex_outline\13_hollow_hex_outline_run_manifest.json,.json,927,2026-06-02T14:21:39.111870+00:00,6d2918d3510bcdf554277fb4f33dcaec8cf4d917fabb07c5679df992dbbb755f,20260603T123439Z,,False,preexisting_or_unknown
json\hex_outline\15_hybrid_transient_seed_run_manifest.json,.json,969,2026-06-02T15:51:51.815583+00:00,8711ab8f5075b23acd6f8665f7098bbba942001e919d2c15acbd3760e7dce682,20260603T123439Z,,False,preexisting_or_unknown
json\hex_outline\16_hex_bessel_like_run_manifest.json,.json,1094,2026-06-02T16:06:48.292216+00:00,da96b9839fe5813d05dd73713ab814775a5051c5c5921a88c6f6e9d9ab4fcf9c,20260603T123439Z,,False,preexisting_or_unknown
json\hex_outline\17_zernike_hex_bessel_run_manifest.json,.json,929,2026-06-02T16:26:59.680543+00:00,48b9951597e0cdc4001a9288273baf1a1739f9e427d61872f4aa8795f00eadac,20260603T123439Z,,False,preexisting_or_unknown
json\interface_correction\08_interface_correction_checks.json,.json,2735,2026-05-29T12:16:31.729178+00:00,58616cb33c3bb526f85e8615681fb36f5ca64f3e09ae43f68738c0cbb0aad984,20260603T123439Z,,False,preexisting_or_unknown
json\interface_correction\08_interface_correction_run_manifest.json,.json,1245,2026-05-29T12:16:31.824333+00:00,45ad38b816723d0eaa2fd81cf8e557af8279307110125575f990750cd1463973,20260603T123439Z,,False,preexisting_or_unknown
json\polarized_train\12_polarized_train_run_manifest.json,.json,1862,2026-05-29T18:20:20.209787+00:00,c349c12c2ddb2db56e5bf0f5bb5760d0a361c1f5c990c8ed8f181c4c637d5649,20260603T123439Z,,False,preexisting_or_unknown
json\polygonal_hex_ring\11_polygonal_hex_ring_run_manifest.json,.json,1481,2026-05-29T17:00:58.848279+00:00,e896d17919c0606ad96629c8df6e21e26cfe1ada259c4bf8c5bd4580c3fef765,20260603T123439Z,,False,preexisting_or_unknown
json\stage10_discrete\10_discrete_run_manifest.json,.json,921,2026-05-29T12:34:52.547007+00:00,b744c331af54b1b7dfe86ffe2ecc4853a2306efd55ca70276c0b9c7fb02f08f9,20260603T123439Z,,False,preexisting_or_unknown
json\stage9_capsule\09_capsule_run_manifest.json,.json,878,2026-05-29T11:52:32.813568+00:00,6be47542f835de911bf782a92ca61da1e3aa0803a8db29f3391c6cc467b251be,20260603T123439Z,,False,preexisting_or_unknown
manifests\20260603T123131Z_finish.json,.json,749,2026-06-03T12:32:16.462735+00:00,f58a3fd92e6d87c0a22ce0f130cdb07bf3ccef2c2d88620cbaef7e3c1bf98dd6,20260603T123439Z,,False,preexisting_or_unknown
manifests\20260603T123131Z_start.json,.json,697,2026-06-03T12:31:31.921290+00:00,c2c17db3cf976435cf1e446ea640e16e182433947b94c259754d435cb057b55e,20260603T123439Z,,False,preexisting_or_unknown
manifests\20260603T123439Z_start.json,.json,697,2026-06-03T12:34:39.726642+00:00,4bea2e09705afa513c16cf929f2ea6cb400475732343629fd84e3a45d8d977c8,20260603T123439Z,20260603T123439Z,True,current_run
manifests\captions_manifest.jsonl,.jsonl,134620,2026-06-03T12:34:58.929349+00:00,2c6ee12852e3f6e2f3efaf238a2166e58195bf42b9dcc036ef66fe4cbf12418c,20260603T123439Z,20260603T123439Z,True,current_run
manifests\publication_artifact_manifest.csv,.csv,117059,2026-06-03T12:32:16.445810+00:00,6923ef91e7d386b7722ae997976c4202a650b800e046f012f8ebb502def0b772,20260603T123439Z,,False,preexisting_or_unknown
publication_artifact_manifest.csv,.csv,22734,2026-05-29T18:20:20.310758+00:00,ad6de7f8db99fc4d8945a3e12214aaa69d96ddd91420466f9b29ce5f797890da,20260603T123439Z,,False,preexisting_or_unknown
pytest_tmp\test_actual_case1_method_b_reports_efficiency_and_exports_cgh_08d71a50\case1_method_b_test.json,.json,457,2026-05-31T17:52:28.327484+00:00,6f0a97c0c37c4d37a18195be2b87a5dfcaeeee4abd0010234354c522041e054a,20260603T123439Z,,False,preexisting_or_unknown
pytest_tmp\test_actual_case1_method_b_reports_efficiency_and_exports_cgh_08d71a50\case1_method_b_test.png,.png,8903,2026-05-31T17:52:28.327484+00:00,43513cd610b069dc14a9649bf10538eb4e8635552a3d8253974c534b6d6aad96,20260603T123439Z,,False,preexisting_or_unknown
pytest_tmp\test_actual_case1_method_b_reports_efficiency_and_exports_cgh_08d71a50\case1_method_b_test.png.txt,.txt,182,2026-06-03T12:32:08.651595+00:00,35f8365be36087a7fd0537df7b4d04caca3f0341711287b46107dabb59cf613f,20260603T123439Z,,False,preexisting_or_unknown
pytest_tmp\test_actual_case1_method_b_reports_efficiency_and_exports_cgh_09fc4f96\case1_method_b_test.json,.json,457,2026-06-01T14:43:22.218537+00:00,6f0a97c0c37c4d37a18195be2b87a5dfcaeeee4abd0010234354c522041e054a,20260603T123439Z,,False,preexisting_or_unknown
pytest_tmp\test_actual_case1_method_b_reports_efficiency_and_exports_cgh_09fc4f96\case1_method_b_test.png,.png,8903,2026-06-01T14:43:22.218537+00:00,43513cd610b069dc14a9649bf10538eb4e8635552a3d8253974c534b6d6aad96,20260603T123439Z,,False,preexisting_or_unknown
pytest_tmp\test_actual_case1_method_b_reports_efficiency_and_exports_cgh_09fc4f96\case1_method_b_test.png.txt,.txt,182,2026-06-03T12:32:08.681026+00:00,35f8365be36087a7fd0537df7b4d04caca3f0341711287b46107dabb59cf613f,20260603T123439Z,,False,preexisting_or_unknown
pytest_tmp\test_actual_case1_method_b_reports_efficiency_and_exports_cgh_0a507bca\case1_method_b_test.json,.json,457,2026-05-31T17:14:36.902108+00:00,6f0a97c0c37c4d37a18195be2b87a5dfcaeeee4abd0010234354c522041e054a,20260603T123439Z,,False,preexisting_or_unknown
pytest_tmp\test_actual_case1_method_b_reports_efficiency_and_exports_cgh_0a507bca\case1_method_b_test.png,.png,8903,2026-05-31T17:14:36.902108+00:00,43513cd610b069dc14a9649bf10538eb4e8635552a3d8253974c534b6d6aad96,20260603T123439Z,,False,preexisting_or_unknown
pytest_tmp\test_actual_case1_method_b_reports_efficiency_and_exports_cgh_0a507bca\case1_method_b_test.png.txt,.txt,182,2026-06-03T12:32:08.695557+00:00,35f8365be36087a7fd0537df7b4d04caca3f0341711287b46107dabb59cf613f,20260603T123439Z,,False,preexisting_or_unknown
pytest_tmp\test_actual_case1_method_b_reports_efficiency_and_exports_cgh_3fe362d4\case1_method_b_test.json,.json,457,2026-06-01T16:45:15.320658+00:00,6f0a97c0c37c4d37a18195be2b87a5dfcaeeee4abd0010234354c522041e054a,20260603T123439Z,,False,preexisting_or_unknown
pytest_tmp\test_actual_case1_method_b_reports_efficiency_and_exports_cgh_3fe362d4\case1_method_b_test.png,.png,8903,2026-06-01T16:45:15.320658+00:00,43513cd610b069dc14a9649bf10538eb4e8635552a3d8253974c534b6d6aad96,20260603T123439Z,,False,preexisting_or_unknown
pytest_tmp\test_actual_case1_method_b_reports_efficiency_and_exports_cgh_3fe362d4\case1_method_b_test.png.txt,.txt,182,2026-06-03T12:32:08.699874+00:00,35f8365be36087a7fd0537df7b4d04caca3f0341711287b46107dabb59cf613f,20260603T123439Z,,False,preexisting_or_unknown
pytest_tmp\test_actual_case1_method_b_reports_efficiency_and_exports_cgh_43d04a14\case1_method_b_test.json,.json,457,2026-05-31T17:49:28.727021+00:00,6f0a97c0c37c4d37a18195be2b87a5dfcaeeee4abd0010234354c522041e054a,20260603T123439Z,,False,preexisting_or_unknown
pytest_tmp\test_actual_case1_method_b_reports_efficiency_and_exports_cgh_43d04a14\case1_method_b_test.png,.png,8903,2026-05-31T17:49:28.727021+00:00,43513cd610b069dc14a9649bf10538eb4e8635552a3d8253974c534b6d6aad96,20260603T123439Z,,False,preexisting_or_unknown
pytest_tmp\test_actual_case1_method_b_reports_efficiency_and_exports_cgh_43d04a14\case1_method_b_test.png.txt,.txt,182,2026-06-03T12:32:08.712179+00:00,35f8365be36087a7fd0537df7b4d04caca3f0341711287b46107dabb59cf613f,20260603T123439Z,,False,preexisting_or_unknown
pytest_tmp\test_actual_case1_method_b_reports_efficiency_and_exports_cgh_57698c81\case1_method_b_test.json,.json,457,2026-06-01T17:07:28.290805+00:00,6f0a97c0c37c4d37a18195be2b87a5dfcaeeee4abd0010234354c522041e054a,20260603T123439Z,,False,preexisting_or_unknown
pytest_tmp\test_actual_case1_method_b_reports_efficiency_and_exports_cgh_57698c81\case1_method_b_test.png,.png,8903,2026-06-01T17:07:28.290805+00:00,43513cd610b069dc14a9649bf10538eb4e8635552a3d8253974c534b6d6aad96,20260603T123439Z,,False,preexisting_or_unknown
pytest_tmp\test_actual_case1_method_b_reports_efficiency_and_exports_cgh_57698c81\case1_method_b_test.png.txt,.txt,182,2026-06-03T12:32:08.714539+00:00,35f8365be36087a7fd0537df7b4d04caca3f0341711287b46107dabb59cf613f,20260603T123439Z,,False,preexisting_or_unknown
pytest_tmp\test_actual_case1_method_b_reports_efficiency_and_exports_cgh_6f35a305\case1_method_b_test.json,.json,457,2026-06-01T00:23:53.323313+00:00,6f0a97c0c37c4d37a18195be2b87a5dfcaeeee4abd0010234354c522041e054a,20260603T123439Z,,False,preexisting_or_unknown
pytest_tmp\test_actual_case1_method_b_reports_efficiency_and_exports_cgh_6f35a305\case1_method_b_test.png,.png,8903,2026-06-01T00:23:53.323313+00:00,43513cd610b069dc14a9649bf10538eb4e8635552a3d8253974c534b6d6aad96,20260603T123439Z,,False,preexisting_or_unknown
pytest_tmp\test_actual_case1_method_b_reports_efficiency_and_exports_cgh_6f35a305\case1_method_b_test.png.txt,.txt,182,2026-06-03T12:32:08.724233+00:00,35f8365be36087a7fd0537df7b4d04caca3f0341711287b46107dabb59cf613f,20260603T123439Z,,False,preexisting_or_unknown
pytest_tmp\test_actual_case1_method_b_reports_efficiency_and_exports_cgh_90dd4eec\case1_method_b_test.json,.json,457,2026-05-31T17:11:18.717335+00:00,6f0a97c0c37c4d37a18195be2b87a5dfcaeeee4abd0010234354c522041e054a,20260603T123439Z,,False,preexisting_or_unknown
pytest_tmp\test_actual_case1_method_b_reports_efficiency_and_exports_cgh_90dd4eec\case1_method_b_test.png,.png,8903,2026-05-31T17:11:18.717335+00:00,43513cd610b069dc14a9649bf10538eb4e8635552a3d8253974c534b6d6aad96,20260603T123439Z,,False,preexisting_or_unknown
pytest_tmp\test_actual_case1_method_b_reports_efficiency_and_exports_cgh_90dd4eec\case1_method_b_test.png.txt,.txt,182,2026-06-03T12:32:08.732859+00:00,35f8365be36087a7fd0537df7b4d04caca3f0341711287b46107dabb59cf613f,20260603T123439Z,,False,preexisting_or_unknown
pytest_tmp\test_actual_case1_method_b_reports_efficiency_and_exports_cgh_991c5ecc\case1_method_b_test.json,.json,457,2026-05-31T23:57:54.826261+00:00,6f0a97c0c37c4d37a18195be2b87a5dfcaeeee4abd0010234354c522041e054a,20260603T123439Z,,False,preexisting_or_unknown
pytest_tmp\test_actual_case1_method_b_reports_efficiency_and_exports_cgh_991c5ecc\case1_method_b_test.png,.png,8903,2026-05-31T23:57:54.821962+00:00,43513cd610b069dc14a9649bf10538eb4e8635552a3d8253974c534b6d6aad96,20260603T123439Z,,False,preexisting_or_unknown
pytest_tmp\test_actual_case1_method_b_reports_efficiency_and_exports_cgh_991c5ecc\case1_method_b_test.png.txt,.txt,182,2026-06-03T12:32:08.732859+00:00,35f8365be36087a7fd0537df7b4d04caca3f0341711287b46107dabb59cf613f,20260603T123439Z,,False,preexisting_or_unknown
pytest_tmp\test_actual_case1_method_b_reports_efficiency_and_exports_cgh_9b01d3bc\case1_method_b_test.json,.json,457,2026-06-01T15:05:32.561771+00:00,6f0a97c0c37c4d37a18195be2b87a5dfcaeeee4abd0010234354c522041e054a,20260603T123439Z,,False,preexisting_or_unknown
pytest_tmp\test_actual_case1_method_b_reports_efficiency_and_exports_cgh_9b01d3bc\case1_method_b_test.png,.png,8903,2026-06-01T15:05:32.561771+00:00,43513cd610b069dc14a9649bf10538eb4e8635552a3d8253974c534b6d6aad96,20260603T123439Z,,False,preexisting_or_unknown
pytest_tmp\test_actual_case1_method_b_reports_efficiency_and_exports_cgh_9b01d3bc\case1_method_b_test.png.txt,.txt,182,2026-06-03T12:32:08.753840+00:00,35f8365be36087a7fd0537df7b4d04caca3f0341711287b46107dabb59cf613f,20260603T123439Z,,False,preexisting_or_unknown
pytest_tmp\test_actual_case1_method_b_reports_efficiency_and_exports_cgh_9c45dbcc\case1_method_b_test.json,.json,457,2026-05-31T16:24:41.016328+00:00,6f0a97c0c37c4d37a18195be2b87a5dfcaeeee4abd0010234354c522041e054a,20260603T123439Z,,False,preexisting_or_unknown
pytest_tmp\test_actual_case1_method_b_reports_efficiency_and_exports_cgh_9c45dbcc\case1_method_b_test.png,.png,8903,2026-05-31T16:24:41.016328+00:00,43513cd610b069dc14a9649bf10538eb4e8635552a3d8253974c534b6d6aad96,20260603T123439Z,,False,preexisting_or_unknown
pytest_tmp\test_actual_case1_method_b_reports_efficiency_and_exports_cgh_9c45dbcc\case1_method_b_test.png.txt,.txt,182,2026-06-03T12:32:08.762482+00:00,35f8365be36087a7fd0537df7b4d04caca3f0341711287b46107dabb59cf613f,20260603T123439Z,,False,preexisting_or_unknown
pytest_tmp\test_actual_case1_method_b_reports_efficiency_and_exports_cgh_a9beffe7\case1_method_b_test.json,.json,457,2026-06-01T15:24:04.843619+00:00,6f0a97c0c37c4d37a18195be2b87a5dfcaeeee4abd0010234354c522041e054a,20260603T123439Z,,False,preexisting_or_unknown
pytest_tmp\test_actual_case1_method_b_reports_efficiency_and_exports_cgh_a9beffe7\case1_method_b_test.png,.png,8903,2026-06-01T15:24:04.843619+00:00,43513cd610b069dc14a9649bf10538eb4e8635552a3d8253974c534b6d6aad96,20260603T123439Z,,False,preexisting_or_unknown
pytest_tmp\test_actual_case1_method_b_reports_efficiency_and_exports_cgh_a9beffe7\case1_method_b_test.png.txt,.txt,182,2026-06-03T12:32:08.770519+00:00,35f8365be36087a7fd0537df7b4d04caca3f0341711287b46107dabb59cf613f,20260603T123439Z,,False,preexisting_or_unknown
pytest_tmp\test_actual_case1_method_b_reports_efficiency_and_exports_cgh_dc60edde\case1_method_b_test.json,.json,457,2026-05-31T17:12:43.842278+00:00,6f0a97c0c37c4d37a18195be2b87a5dfcaeeee4abd0010234354c522041e054a,20260603T123439Z,,False,preexisting_or_unknown
pytest_tmp\test_actual_case1_method_b_reports_efficiency_and_exports_cgh_dc60edde\case1_method_b_test.png,.png,8903,2026-05-31T17:12:43.841265+00:00,43513cd610b069dc14a9649bf10538eb4e8635552a3d8253974c534b6d6aad96,20260603T123439Z,,False,preexisting_or_unknown
pytest_tmp\test_actual_case1_method_b_reports_efficiency_and_exports_cgh_dc60edde\case1_method_b_test.png.txt,.txt,182,2026-06-03T12:32:08.781005+00:00,35f8365be36087a7fd0537df7b4d04caca3f0341711287b46107dabb59cf613f,20260603T123439Z,,False,preexisting_or_unknown
pytest_tmp\test_actual_case1_method_b_reports_efficiency_and_exports_cgh_e724d2fd\case1_method_b_test.json,.json,457,2026-05-31T16:11:57.784604+00:00,6f0a97c0c37c4d37a18195be2b87a5dfcaeeee4abd0010234354c522041e054a,20260603T123439Z,,False,preexisting_or_unknown
pytest_tmp\test_actual_case1_method_b_reports_efficiency_and_exports_cgh_e724d2fd\case1_method_b_test.png,.png,8903,2026-05-31T16:11:57.784604+00:00,43513cd610b069dc14a9649bf10538eb4e8635552a3d8253974c534b6d6aad96,20260603T123439Z,,False,preexisting_or_unknown
pytest_tmp\test_actual_case1_method_b_reports_efficiency_and_exports_cgh_e724d2fd\case1_method_b_test.png.txt,.txt,182,2026-06-03T12:32:08.786879+00:00,35f8365be36087a7fd0537df7b4d04caca3f0341711287b46107dabb59cf613f,20260603T123439Z,,False,preexisting_or_unknown
pytest_tmp\test_actual_case1_method_b_reports_efficiency_and_exports_cgh_e9fe46d3\case1_method_b_test.json,.json,457,2026-05-31T16:44:48.733629+00:00,6f0a97c0c37c4d37a18195be2b87a5dfcaeeee4abd0010234354c522041e054a,20260603T123439Z,,False,preexisting_or_unknown
pytest_tmp\test_actual_case1_method_b_reports_efficiency_and_exports_cgh_e9fe46d3\case1_method_b_test.png,.png,8903,2026-05-31T16:44:48.733629+00:00,43513cd610b069dc14a9649bf10538eb4e8635552a3d8253974c534b6d6aad96,20260603T123439Z,,False,preexisting_or_unknown
pytest_tmp\test_actual_case1_method_b_reports_efficiency_and_exports_cgh_e9fe46d3\case1_method_b_test.png.txt,.txt,182,2026-06-03T12:32:08.802056+00:00,35f8365be36087a7fd0537df7b4d04caca3f0341711287b46107dabb59cf613f,20260603T123439Z,,False,preexisting_or_unknown
pytest_tmp\test_discrete_cgh_export_and_continuous_limit_04ee5e91\10_discrete_hexagonal_lab.json,.json,359,2026-05-31T17:10:56.226023+00:00,44f560f4d3414cd2756e9732d51d83b6d2eac3091e53d101b34d65273042b345,20260603T123439Z,,False,preexisting_or_unknown
pytest_tmp\test_discrete_cgh_export_and_continuous_limit_04ee5e91\10_discrete_hexagonal_lab.png,.png,6957,2026-05-31T17:10:56.214141+00:00,087e0422d6cbda81c6ec6363d2e4025ac91538abc254230264bdbea479ad130e,20260603T123439Z,,False,preexisting_or_unknown
pytest_tmp\test_discrete_cgh_export_and_continuous_limit_04ee5e91\10_discrete_hexagonal_lab.png.txt,.txt,194,2026-06-03T12:32:08.810447+00:00,ed1db1e057fc41c678fa0e0a43a9cf361b3d994e88d6dc9a420294f83af4f5d1,20260603T123439Z,,False,preexisting_or_unknown
pytest_tmp\test_discrete_cgh_export_and_continuous_limit_0ebb21cd\10_discrete_hexagonal_lab.json,.json,359,2026-05-31T17:48:48.809435+00:00,44f560f4d3414cd2756e9732d51d83b6d2eac3091e53d101b34d65273042b345,20260603T123439Z,,False,preexisting_or_unknown
pytest_tmp\test_discrete_cgh_export_and_continuous_limit_0ebb21cd\10_discrete_hexagonal_lab.png,.png,6957,2026-05-31T17:48:48.809435+00:00,087e0422d6cbda81c6ec6363d2e4025ac91538abc254230264bdbea479ad130e,20260603T123439Z,,False,preexisting_or_unknown
pytest_tmp\test_discrete_cgh_export_and_continuous_limit_0ebb21cd\10_discrete_hexagonal_lab.png.txt,.txt,194,2026-06-03T12:32:08.858165+00:00,ed1db1e057fc41c678fa0e0a43a9cf361b3d994e88d6dc9a420294f83af4f5d1,20260603T123439Z,,False,preexisting_or_unknown
pytest_tmp\test_discrete_cgh_export_and_continuous_limit_2d43e8b5\10_discrete_hexagonal_lab.json,.json,359,2026-05-31T16:11:46.400110+00:00,44f560f4d3414cd2756e9732d51d83b6d2eac3091e53d101b34d65273042b345,20260603T123439Z,,False,preexisting_or_unknown
pytest_tmp\test_discrete_cgh_export_and_continuous_limit_2d43e8b5\10_discrete_hexagonal_lab.png,.png,6957,2026-05-31T16:11:46.400110+00:00,087e0422d6cbda81c6ec6363d2e4025ac91538abc254230264bdbea479ad130e,20260603T123439Z,,False,preexisting_or_unknown
pytest_tmp\test_discrete_cgh_export_and_continuous_limit_2d43e8b5\10_discrete_hexagonal_lab.png.txt,.txt,194,2026-06-03T12:32:08.869687+00:00,ed1db1e057fc41c678fa0e0a43a9cf361b3d994e88d6dc9a420294f83af4f5d1,20260603T123439Z,,False,preexisting_or_unknown
pytest_tmp\test_discrete_cgh_export_and_continuous_limit_3025fe29\10_discrete_hexagonal_lab.json,.json,359,2026-05-31T17:14:17.244276+00:00,44f560f4d3414cd2756e9732d51d83b6d2eac3091e53d101b34d65273042b345,20260603T123439Z,,False,preexisting_or_unknown
pytest_tmp\test_discrete_cgh_export_and_continuous_limit_3025fe29\10_discrete_hexagonal_lab.png,.png,6957,2026-05-31T17:14:17.221882+00:00,087e0422d6cbda81c6ec6363d2e4025ac91538abc254230264bdbea479ad130e,20260603T123439Z,,False,preexisting_or_unknown
pytest_tmp\test_discrete_cgh_export_and_continuous_limit_3025fe29\10_discrete_hexagonal_lab.png.txt,.txt,194,2026-06-03T12:32:08.878873+00:00,ed1db1e057fc41c678fa0e0a43a9cf361b3d994e88d6dc9a420294f83af4f5d1,20260603T123439Z,,False,preexisting_or_unknown
pytest_tmp\test_discrete_cgh_export_and_continuous_limit_313ce502\10_discrete_hexagonal_lab.json,.json,359,2026-05-31T17:12:20.801766+00:00,44f560f4d3414cd2756e9732d51d83b6d2eac3091e53d101b34d65273042b345,20260603T123439Z,,False,preexisting_or_unknown
pytest_tmp\test_discrete_cgh_export_and_continuous_limit_313ce502\10_discrete_hexagonal_lab.png,.png,6957,2026-05-31T17:12:20.791990+00:00,087e0422d6cbda81c6ec6363d2e4025ac91538abc254230264bdbea479ad130e,20260603T123439Z,,False,preexisting_or_unknown
pytest_tmp\test_discrete_cgh_export_and_continuous_limit_313ce502\10_discrete_hexagonal_lab.png.txt,.txt,194,2026-06-03T12:32:08.885959+00:00,ed1db1e057fc41c678fa0e0a43a9cf361b3d994e88d6dc9a420294f83af4f5d1,20260603T123439Z,,False,preexisting_or_unknown
pytest_tmp\test_discrete_cgh_export_and_continuous_limit_4fa8b9b8\10_discrete_hexagonal_lab.json,.json,359,2026-06-01T17:06:55.121849+00:00,44f560f4d3414cd2756e9732d51d83b6d2eac3091e53d101b34d65273042b345,20260603T123439Z,,False,preexisting_or_unknown
pytest_tmp\test_discrete_cgh_export_and_continuous_limit_4fa8b9b8\10_discrete_hexagonal_lab.png,.png,6957,2026-06-01T17:06:55.121849+00:00,087e0422d6cbda81c6ec6363d2e4025ac91538abc254230264bdbea479ad130e,20260603T123439Z,,False,preexisting_or_unknown
pytest_tmp\test_discrete_cgh_export_and_continuous_limit_4fa8b9b8\10_discrete_hexagonal_lab.png.txt,.txt,194,2026-06-03T12:32:08.895594+00:00,ed1db1e057fc41c678fa0e0a43a9cf361b3d994e88d6dc9a420294f83af4f5d1,20260603T123439Z,,False,preexisting_or_unknown
pytest_tmp\test_discrete_cgh_export_and_continuous_limit_53c012e5\10_discrete_hexagonal_lab.json,.json,359,2026-06-01T15:23:14.584796+00:00,44f560f4d3414cd2756e9732d51d83b6d2eac3091e53d101b34d65273042b345,20260603T123439Z,,False,preexisting_or_unknown
pytest_tmp\test_discrete_cgh_export_and_continuous_limit_53c012e5\10_discrete_hexagonal_lab.png,.png,6957,2026-06-01T15:23:14.559702+00:00,087e0422d6cbda81c6ec6363d2e4025ac91538abc254230264bdbea479ad130e,20260603T123439Z,,False,preexisting_or_unknown
pytest_tmp\test_discrete_cgh_export_and_continuous_limit_53c012e5\10_discrete_hexagonal_lab.png.txt,.txt,194,2026-06-03T12:32:08.902478+00:00,ed1db1e057fc41c678fa0e0a43a9cf361b3d994e88d6dc9a420294f83af4f5d1,20260603T123439Z,,False,preexisting_or_unknown
pytest_tmp\test_discrete_cgh_export_and_continuous_limit_695ff1a3\10_discrete_hexagonal_lab.json,.json,359,2026-05-31T16:24:30.184652+00:00,44f560f4d3414cd2756e9732d51d83b6d2eac3091e53d101b34d65273042b345,20260603T123439Z,,False,preexisting_or_unknown
pytest_tmp\test_discrete_cgh_export_and_continuous_limit_695ff1a3\10_discrete_hexagonal_lab.png,.png,6957,2026-05-31T16:24:30.168921+00:00,087e0422d6cbda81c6ec6363d2e4025ac91538abc254230264bdbea479ad130e,20260603T123439Z,,False,preexisting_or_unknown
pytest_tmp\test_discrete_cgh_export_and_continuous_limit_695ff1a3\10_discrete_hexagonal_lab.png.txt,.txt,194,2026-06-03T12:32:08.910197+00:00,ed1db1e057fc41c678fa0e0a43a9cf361b3d994e88d6dc9a420294f83af4f5d1,20260603T123439Z,,False,preexisting_or_unknown
pytest_tmp\test_discrete_cgh_export_and_continuous_limit_6c3bc27c\10_discrete_hexagonal_lab.json,.json,359,2026-05-31T17:51:55.178696+00:00,44f560f4d3414cd2756e9732d51d83b6d2eac3091e53d101b34d65273042b345,20260603T123439Z,,False,preexisting_or_unknown
pytest_tmp\test_discrete_cgh_export_and_continuous_limit_6c3bc27c\10_discrete_hexagonal_lab.png,.png,6957,2026-05-31T17:51:55.169487+00:00,087e0422d6cbda81c6ec6363d2e4025ac91538abc254230264bdbea479ad130e,20260603T123439Z,,False,preexisting_or_unknown
pytest_tmp\test_discrete_cgh_export_and_continuous_limit_6c3bc27c\10_discrete_hexagonal_lab.png.txt,.txt,194,2026-06-03T12:32:08.917167+00:00,ed1db1e057fc41c678fa0e0a43a9cf361b3d994e88d6dc9a420294f83af4f5d1,20260603T123439Z,,False,preexisting_or_unknown
pytest_tmp\test_discrete_cgh_export_and_continuous_limit_94927390\10_discrete_hexagonal_lab.json,.json,359,2026-05-31T16:44:24.539954+00:00,44f560f4d3414cd2756e9732d51d83b6d2eac3091e53d101b34d65273042b345,20260603T123439Z,,False,preexisting_or_unknown
pytest_tmp\test_discrete_cgh_export_and_continuous_limit_94927390\10_discrete_hexagonal_lab.png,.png,6957,2026-05-31T16:44:24.526478+00:00,087e0422d6cbda81c6ec6363d2e4025ac91538abc254230264bdbea479ad130e,20260603T123439Z,,False,preexisting_or_unknown
pytest_tmp\test_discrete_cgh_export_and_continuous_limit_94927390\10_discrete_hexagonal_lab.png.txt,.txt,194,2026-06-03T12:32:08.922344+00:00,ed1db1e057fc41c678fa0e0a43a9cf361b3d994e88d6dc9a420294f83af4f5d1,20260603T123439Z,,False,preexisting_or_unknown
pytest_tmp\test_discrete_cgh_export_and_continuous_limit_b9599e4b\10_discrete_hexagonal_lab.json,.json,359,2026-06-01T15:03:31.942397+00:00,44f560f4d3414cd2756e9732d51d83b6d2eac3091e53d101b34d65273042b345,20260603T123439Z,,False,preexisting_or_unknown
pytest_tmp\test_discrete_cgh_export_and_continuous_limit_b9599e4b\10_discrete_hexagonal_lab.png,.png,6957,2026-06-01T15:03:31.921153+00:00,087e0422d6cbda81c6ec6363d2e4025ac91538abc254230264bdbea479ad130e,20260603T123439Z,,False,preexisting_or_unknown
pytest_tmp\test_discrete_cgh_export_and_continuous_limit_b9599e4b\10_discrete_hexagonal_lab.png.txt,.txt,194,2026-06-03T12:32:08.930665+00:00,ed1db1e057fc41c678fa0e0a43a9cf361b3d994e88d6dc9a420294f83af4f5d1,20260603T123439Z,,False,preexisting_or_unknown
pytest_tmp\test_discrete_cgh_export_and_continuous_limit_bb78361c\10_discrete_hexagonal_lab.json,.json,359,2026-06-01T16:44:23.942275+00:00,44f560f4d3414cd2756e9732d51d83b6d2eac3091e53d101b34d65273042b345,20260603T123439Z,,False,preexisting_or_unknown
pytest_tmp\test_discrete_cgh_export_and_continuous_limit_bb78361c\10_discrete_hexagonal_lab.png,.png,6957,2026-06-01T16:44:23.924017+00:00,087e0422d6cbda81c6ec6363d2e4025ac91538abc254230264bdbea479ad130e,20260603T123439Z,,False,preexisting_or_unknown
pytest_tmp\test_discrete_cgh_export_and_continuous_limit_bb78361c\10_discrete_hexagonal_lab.png.txt,.txt,194,2026-06-03T12:32:08.930665+00:00,ed1db1e057fc41c678fa0e0a43a9cf361b3d994e88d6dc9a420294f83af4f5d1,20260603T123439Z,,False,preexisting_or_unknown
pytest_tmp\test_discrete_cgh_export_and_continuous_limit_d703e21f\10_discrete_hexagonal_lab.json,.json,359,2026-06-01T14:42:33.236565+00:00,44f560f4d3414cd2756e9732d51d83b6d2eac3091e53d101b34d65273042b345,20260603T123439Z,,False,preexisting_or_unknown
pytest_tmp\test_discrete_cgh_export_and_continuous_limit_d703e21f\10_discrete_hexagonal_lab.png,.png,6957,2026-06-01T14:42:33.227337+00:00,087e0422d6cbda81c6ec6363d2e4025ac91538abc254230264bdbea479ad130e,20260603T123439Z,,False,preexisting_or_unknown
pytest_tmp\test_discrete_cgh_export_and_continuous_limit_d703e21f\10_discrete_hexagonal_lab.png.txt,.txt,194,2026-06-03T12:32:08.943951+00:00,ed1db1e057fc41c678fa0e0a43a9cf361b3d994e88d6dc9a420294f83af4f5d1,20260603T123439Z,,False,preexisting_or_unknown
pytest_tmp\test_discrete_cgh_export_and_continuous_limit_d876db8b\10_discrete_hexagonal_lab.json,.json,359,2026-06-01T00:22:36.927839+00:00,44f560f4d3414cd2756e9732d51d83b6d2eac3091e53d101b34d65273042b345,20260603T123439Z,,False,preexisting_or_unknown
pytest_tmp\test_discrete_cgh_export_and_continuous_limit_d876db8b\10_discrete_hexagonal_lab.png,.png,6957,2026-06-01T00:22:36.909402+00:00,087e0422d6cbda81c6ec6363d2e4025ac91538abc254230264bdbea479ad130e,20260603T123439Z,,False,preexisting_or_unknown
pytest_tmp\test_discrete_cgh_export_and_continuous_limit_d876db8b\10_discrete_hexagonal_lab.png.txt,.txt,194,2026-06-03T12:32:08.949905+00:00,ed1db1e057fc41c678fa0e0a43a9cf361b3d994e88d6dc9a420294f83af4f5d1,20260603T123439Z,,False,preexisting_or_unknown
pytest_tmp\test_discrete_cgh_export_and_continuous_limit_dc195b06\10_discrete_hexagonal_lab.json,.json,359,2026-05-31T23:56:00.469404+00:00,44f560f4d3414cd2756e9732d51d83b6d2eac3091e53d101b34d65273042b345,20260603T123439Z,,False,preexisting_or_unknown
pytest_tmp\test_discrete_cgh_export_and_continuous_limit_dc195b06\10_discrete_hexagonal_lab.png,.png,6957,2026-05-31T23:56:00.446024+00:00,087e0422d6cbda81c6ec6363d2e4025ac91538abc254230264bdbea479ad130e,20260603T123439Z,,False,preexisting_or_unknown
pytest_tmp\test_discrete_cgh_export_and_continuous_limit_dc195b06\10_discrete_hexagonal_lab.png.txt,.txt,194,2026-06-03T12:32:08.949905+00:00,ed1db1e057fc41c678fa0e0a43a9cf361b3d994e88d6dc9a420294f83af4f5d1,20260603T123439Z,,False,preexisting_or_unknown
pytest_tmp\test_fair_suite_writes_delta_table_and_audit_0e792599\FAIR_COMPARISON_AUDIT.md,.md,2132,2026-05-31T16:44:42.125439+00:00,74d79703817b6e2ec4a89283214751785d53ad3e118f1a52cf6462eeaf5147f3,20260603T123439Z,,False,preexisting_or_unknown
pytest_tmp\test_fair_suite_writes_delta_table_and_audit_1407ae37\FAIR_COMPARISON_AUDIT.md,.md,2132,2026-06-01T00:23:02.160774+00:00,74d79703817b6e2ec4a89283214751785d53ad3e118f1a52cf6462eeaf5147f3,20260603T123439Z,,False,preexisting_or_unknown
pytest_tmp\test_fair_suite_writes_delta_table_and_audit_23f761c1\FAIR_COMPARISON_AUDIT.md,.md,2132,2026-05-31T17:14:28.037444+00:00,74d79703817b6e2ec4a89283214751785d53ad3e118f1a52cf6462eeaf5147f3,20260603T123439Z,,False,preexisting_or_unknown
pytest_tmp\test_fair_suite_writes_delta_table_and_audit_27e2633e\FAIR_COMPARISON_AUDIT.md,.md,2132,2026-05-31T17:52:09.999311+00:00,74d79703817b6e2ec4a89283214751785d53ad3e118f1a52cf6462eeaf5147f3,20260603T123439Z,,False,preexisting_or_unknown
pytest_tmp\test_fair_suite_writes_delta_table_and_audit_2c87c6c4\FAIR_COMPARISON_AUDIT.md,.md,2132,2026-05-31T17:12:32.533571+00:00,74d79703817b6e2ec4a89283214751785d53ad3e118f1a52cf6462eeaf5147f3,20260603T123439Z,,False,preexisting_or_unknown
pytest_tmp\test_fair_suite_writes_delta_table_and_audit_37c148c5\FAIR_COMPARISON_AUDIT.md,.md,2132,2026-06-01T17:07:05.357613+00:00,74d79703817b6e2ec4a89283214751785d53ad3e118f1a52cf6462eeaf5147f3,20260603T123439Z,,False,preexisting_or_unknown
pytest_tmp\test_fair_suite_writes_delta_table_and_audit_537bede7\FAIR_COMPARISON_AUDIT.md,.md,2132,2026-05-31T23:56:40.499678+00:00,74d79703817b6e2ec4a89283214751785d53ad3e118f1a52cf6462eeaf5147f3,20260603T123439Z,,False,preexisting_or_unknown
pytest_tmp\test_fair_suite_writes_delta_table_and_audit_54b48973\FAIR_COMPARISON_AUDIT.md,.md,2132,2026-05-31T16:24:35.753716+00:00,74d79703817b6e2ec4a89283214751785d53ad3e118f1a52cf6462eeaf5147f3,20260603T123439Z,,False,preexisting_or_unknown
pytest_tmp\test_fair_suite_writes_delta_table_and_audit_9da02f9e\FAIR_COMPARISON_AUDIT.md,.md,2132,2026-06-01T16:44:40.116791+00:00,74d79703817b6e2ec4a89283214751785d53ad3e118f1a52cf6462eeaf5147f3,20260603T123439Z,,False,preexisting_or_unknown
pytest_tmp\test_fair_suite_writes_delta_table_and_audit_b1b3aec5\FAIR_COMPARISON_AUDIT.md,.md,2132,2026-05-31T17:49:05.939449+00:00,74d79703817b6e2ec4a89283214751785d53ad3e118f1a52cf6462eeaf5147f3,20260603T123439Z,,False,preexisting_or_unknown
pytest_tmp\test_fair_suite_writes_delta_table_and_audit_b6768945\FAIR_COMPARISON_AUDIT.md,.md,2132,2026-05-31T16:11:52.366549+00:00,74d79703817b6e2ec4a89283214751785d53ad3e118f1a52cf6462eeaf5147f3,20260603T123439Z,,False,preexisting_or_unknown
pytest_tmp\test_fair_suite_writes_delta_table_and_audit_c3ee0538\FAIR_COMPARISON_AUDIT.md,.md,2132,2026-06-01T15:23:30.123111+00:00,74d79703817b6e2ec4a89283214751785d53ad3e118f1a52cf6462eeaf5147f3,20260603T123439Z,,False,preexisting_or_unknown
pytest_tmp\test_fair_suite_writes_delta_table_and_audit_cef621bb\FAIR_COMPARISON_AUDIT.md,.md,2132,2026-06-01T15:04:11.748516+00:00,74d79703817b6e2ec4a89283214751785d53ad3e118f1a52cf6462eeaf5147f3,20260603T123439Z,,False,preexisting_or_unknown
pytest_tmp\test_fair_suite_writes_delta_table_and_audit_d32b94ed\FAIR_COMPARISON_AUDIT.md,.md,2132,2026-05-31T17:11:08.064080+00:00,74d79703817b6e2ec4a89283214751785d53ad3e118f1a52cf6462eeaf5147f3,20260603T123439Z,,False,preexisting_or_unknown
pytest_tmp\test_fair_suite_writes_delta_table_and_audit_ec25b7cb\FAIR_COMPARISON_AUDIT.md,.md,2132,2026-06-01T14:42:49.241610+00:00,74d79703817b6e2ec4a89283214751785d53ad3e118f1a52cf6462eeaf5147f3,20260603T123439Z,,False,preexisting_or_unknown
pytest_tmp\test_spatial_element_export_writes_loadable_maps_0509d823\segmented_ra_test_fast_axis_8bit.png,.png,1141,2026-05-31T16:11:51.910659+00:00,1c66d5f9ad6c76a3bec692b9d7edcd720cd56f3c57dade5315c71ae8f70c4249,20260603T123439Z,,False,preexisting_or_unknown
pytest_tmp\test_spatial_element_export_writes_loadable_maps_0509d823\segmented_ra_test_fast_axis_8bit.png.txt,.txt,208,2026-06-03T12:32:08.965395+00:00,8459a1334035d95fed7fd94729a7ad14f07b45b98e4f61fe63d1eda260de933d,20260603T123439Z,,False,preexisting_or_unknown
pytest_tmp\test_spatial_element_export_writes_loadable_maps_0509d823\segmented_ra_test_params.json,.json,807,2026-05-31T16:11:51.910659+00:00,6b4620cbd3967bca48d948a496b59a7dc90e11afaab4fcab560f6c87da2ea7ce,20260603T123439Z,,False,preexisting_or_unknown
pytest_tmp\test_spatial_element_export_writes_loadable_maps_152de700\segmented_ra_test_fast_axis_8bit.png,.png,1141,2026-05-31T17:14:27.547275+00:00,1c66d5f9ad6c76a3bec692b9d7edcd720cd56f3c57dade5315c71ae8f70c4249,20260603T123439Z,,False,preexisting_or_unknown
pytest_tmp\test_spatial_element_export_writes_loadable_maps_152de700\segmented_ra_test_fast_axis_8bit.png.txt,.txt,208,2026-06-03T12:32:09.000147+00:00,8459a1334035d95fed7fd94729a7ad14f07b45b98e4f61fe63d1eda260de933d,20260603T123439Z,,False,preexisting_or_unknown
pytest_tmp\test_spatial_element_export_writes_loadable_maps_152de700\segmented_ra_test_params.json,.json,807,2026-05-31T17:14:27.568942+00:00,6b4620cbd3967bca48d948a496b59a7dc90e11afaab4fcab560f6c87da2ea7ce,20260603T123439Z,,False,preexisting_or_unknown
pytest_tmp\test_spatial_element_export_writes_loadable_maps_208267ff\segmented_ra_test_fast_axis_8bit.png,.png,1141,2026-06-01T16:44:39.587053+00:00,1c66d5f9ad6c76a3bec692b9d7edcd720cd56f3c57dade5315c71ae8f70c4249,20260603T123439Z,,False,preexisting_or_unknown
pytest_tmp\test_spatial_element_export_writes_loadable_maps_208267ff\segmented_ra_test_fast_axis_8bit.png.txt,.txt,208,2026-06-03T12:32:09.007087+00:00,8459a1334035d95fed7fd94729a7ad14f07b45b98e4f61fe63d1eda260de933d,20260603T123439Z,,False,preexisting_or_unknown
pytest_tmp\test_spatial_element_export_writes_loadable_maps_208267ff\segmented_ra_test_params.json,.json,807,2026-06-01T16:44:39.601055+00:00,6b4620cbd3967bca48d948a496b59a7dc90e11afaab4fcab560f6c87da2ea7ce,20260603T123439Z,,False,preexisting_or_unknown
pytest_tmp\test_spatial_element_export_writes_loadable_maps_38b1989a\segmented_ra_test_fast_axis_8bit.png,.png,1141,2026-05-31T17:52:09.583039+00:00,1c66d5f9ad6c76a3bec692b9d7edcd720cd56f3c57dade5315c71ae8f70c4249,20260603T123439Z,,False,preexisting_or_unknown
pytest_tmp\test_spatial_element_export_writes_loadable_maps_38b1989a\segmented_ra_test_fast_axis_8bit.png.txt,.txt,208,2026-06-03T12:32:09.014646+00:00,8459a1334035d95fed7fd94729a7ad14f07b45b98e4f61fe63d1eda260de933d,20260603T123439Z,,False,preexisting_or_unknown
pytest_tmp\test_spatial_element_export_writes_loadable_maps_38b1989a\segmented_ra_test_params.json,.json,807,2026-05-31T17:52:09.592486+00:00,6b4620cbd3967bca48d948a496b59a7dc90e11afaab4fcab560f6c87da2ea7ce,20260603T123439Z,,False,preexisting_or_unknown
pytest_tmp\test_spatial_element_export_writes_loadable_maps_3e6ae925\segmented_ra_test_fast_axis_8bit.png,.png,1141,2026-05-31T16:24:35.296308+00:00,1c66d5f9ad6c76a3bec692b9d7edcd720cd56f3c57dade5315c71ae8f70c4249,20260603T123439Z,,False,preexisting_or_unknown
pytest_tmp\test_spatial_element_export_writes_loadable_maps_3e6ae925\segmented_ra_test_fast_axis_8bit.png.txt,.txt,208,2026-06-03T12:32:09.023075+00:00,8459a1334035d95fed7fd94729a7ad14f07b45b98e4f61fe63d1eda260de933d,20260603T123439Z,,False,preexisting_or_unknown
pytest_tmp\test_spatial_element_export_writes_loadable_maps_3e6ae925\segmented_ra_test_params.json,.json,807,2026-05-31T16:24:35.296308+00:00,6b4620cbd3967bca48d948a496b59a7dc90e11afaab4fcab560f6c87da2ea7ce,20260603T123439Z,,False,preexisting_or_unknown
pytest_tmp\test_spatial_element_export_writes_loadable_maps_4b3fd151\segmented_ra_test_fast_axis_8bit.png,.png,1141,2026-06-01T15:04:10.539329+00:00,1c66d5f9ad6c76a3bec692b9d7edcd720cd56f3c57dade5315c71ae8f70c4249,20260603T123439Z,,False,preexisting_or_unknown
pytest_tmp\test_spatial_element_export_writes_loadable_maps_4b3fd151\segmented_ra_test_fast_axis_8bit.png.txt,.txt,208,2026-06-03T12:32:09.030136+00:00,8459a1334035d95fed7fd94729a7ad14f07b45b98e4f61fe63d1eda260de933d,20260603T123439Z,,False,preexisting_or_unknown
pytest_tmp\test_spatial_element_export_writes_loadable_maps_4b3fd151\segmented_ra_test_params.json,.json,807,2026-06-01T15:04:10.550299+00:00,6b4620cbd3967bca48d948a496b59a7dc90e11afaab4fcab560f6c87da2ea7ce,20260603T123439Z,,False,preexisting_or_unknown
pytest_tmp\test_spatial_element_export_writes_loadable_maps_56439b69\segmented_ra_test_fast_axis_8bit.png,.png,1141,2026-06-01T17:07:05.022658+00:00,1c66d5f9ad6c76a3bec692b9d7edcd720cd56f3c57dade5315c71ae8f70c4249,20260603T123439Z,,False,preexisting_or_unknown
pytest_tmp\test_spatial_element_export_writes_loadable_maps_56439b69\segmented_ra_test_fast_axis_8bit.png.txt,.txt,208,2026-06-03T12:32:09.045225+00:00,8459a1334035d95fed7fd94729a7ad14f07b45b98e4f61fe63d1eda260de933d,20260603T123439Z,,False,preexisting_or_unknown
pytest_tmp\test_spatial_element_export_writes_loadable_maps_56439b69\segmented_ra_test_params.json,.json,807,2026-06-01T17:07:05.035845+00:00,6b4620cbd3967bca48d948a496b59a7dc90e11afaab4fcab560f6c87da2ea7ce,20260603T123439Z,,False,preexisting_or_unknown
pytest_tmp\test_spatial_element_export_writes_loadable_maps_7442cde1\segmented_ra_test_fast_axis_8bit.png,.png,1141,2026-05-31T17:49:05.305522+00:00,1c66d5f9ad6c76a3bec692b9d7edcd720cd56f3c57dade5315c71ae8f70c4249,20260603T123439Z,,False,preexisting_or_unknown
pytest_tmp\test_spatial_element_export_writes_loadable_maps_7442cde1\segmented_ra_test_fast_axis_8bit.png.txt,.txt,208,2026-06-03T12:32:09.048050+00:00,8459a1334035d95fed7fd94729a7ad14f07b45b98e4f61fe63d1eda260de933d,20260603T123439Z,,False,preexisting_or_unknown
pytest_tmp\test_spatial_element_export_writes_loadable_maps_7442cde1\segmented_ra_test_params.json,.json,807,2026-05-31T17:49:05.323051+00:00,6b4620cbd3967bca48d948a496b59a7dc90e11afaab4fcab560f6c87da2ea7ce,20260603T123439Z,,False,preexisting_or_unknown
pytest_tmp\test_spatial_element_export_writes_loadable_maps_819cd490\segmented_ra_test_fast_axis_8bit.png,.png,1141,2026-06-01T00:23:01.291544+00:00,1c66d5f9ad6c76a3bec692b9d7edcd720cd56f3c57dade5315c71ae8f70c4249,20260603T123439Z,,False,preexisting_or_unknown
pytest_tmp\test_spatial_element_export_writes_loadable_maps_819cd490\segmented_ra_test_fast_axis_8bit.png.txt,.txt,208,2026-06-03T12:32:09.055879+00:00,8459a1334035d95fed7fd94729a7ad14f07b45b98e4f61fe63d1eda260de933d,20260603T123439Z,,False,preexisting_or_unknown
pytest_tmp\test_spatial_element_export_writes_loadable_maps_819cd490\segmented_ra_test_params.json,.json,807,2026-06-01T00:23:01.295951+00:00,6b4620cbd3967bca48d948a496b59a7dc90e11afaab4fcab560f6c87da2ea7ce,20260603T123439Z,,False,preexisting_or_unknown
pytest_tmp\test_spatial_element_export_writes_loadable_maps_92660d81\segmented_ra_test_fast_axis_8bit.png,.png,1141,2026-06-01T14:42:48.717074+00:00,1c66d5f9ad6c76a3bec692b9d7edcd720cd56f3c57dade5315c71ae8f70c4249,20260603T123439Z,,False,preexisting_or_unknown
pytest_tmp\test_spatial_element_export_writes_loadable_maps_92660d81\segmented_ra_test_fast_axis_8bit.png.txt,.txt,208,2026-06-03T12:32:09.060973+00:00,8459a1334035d95fed7fd94729a7ad14f07b45b98e4f61fe63d1eda260de933d,20260603T123439Z,,False,preexisting_or_unknown
pytest_tmp\test_spatial_element_export_writes_loadable_maps_92660d81\segmented_ra_test_params.json,.json,807,2026-06-01T14:42:48.731034+00:00,6b4620cbd3967bca48d948a496b59a7dc90e11afaab4fcab560f6c87da2ea7ce,20260603T123439Z,,False,preexisting_or_unknown
pytest_tmp\test_spatial_element_export_writes_loadable_maps_b67c8c68\segmented_ra_test_fast_axis_8bit.png,.png,1141,2026-05-31T17:12:32.091540+00:00,1c66d5f9ad6c76a3bec692b9d7edcd720cd56f3c57dade5315c71ae8f70c4249,20260603T123439Z,,False,preexisting_or_unknown
pytest_tmp\test_spatial_element_export_writes_loadable_maps_b67c8c68\segmented_ra_test_fast_axis_8bit.png.txt,.txt,208,2026-06-03T12:32:09.064317+00:00,8459a1334035d95fed7fd94729a7ad14f07b45b98e4f61fe63d1eda260de933d,20260603T123439Z,,False,preexisting_or_unknown
pytest_tmp\test_spatial_element_export_writes_loadable_maps_b67c8c68\segmented_ra_test_params.json,.json,807,2026-05-31T17:12:32.092161+00:00,6b4620cbd3967bca48d948a496b59a7dc90e11afaab4fcab560f6c87da2ea7ce,20260603T123439Z,,False,preexisting_or_unknown
pytest_tmp\test_spatial_element_export_writes_loadable_maps_bb7ee23d\segmented_ra_test_fast_axis_8bit.png,.png,1141,2026-05-31T23:56:39.299301+00:00,1c66d5f9ad6c76a3bec692b9d7edcd720cd56f3c57dade5315c71ae8f70c4249,20260603T123439Z,,False,preexisting_or_unknown
pytest_tmp\test_spatial_element_export_writes_loadable_maps_bb7ee23d\segmented_ra_test_fast_axis_8bit.png.txt,.txt,208,2026-06-03T12:32:09.074273+00:00,8459a1334035d95fed7fd94729a7ad14f07b45b98e4f61fe63d1eda260de933d,20260603T123439Z,,False,preexisting_or_unknown
pytest_tmp\test_spatial_element_export_writes_loadable_maps_bb7ee23d\segmented_ra_test_params.json,.json,807,2026-05-31T23:56:39.310482+00:00,6b4620cbd3967bca48d948a496b59a7dc90e11afaab4fcab560f6c87da2ea7ce,20260603T123439Z,,False,preexisting_or_unknown
pytest_tmp\test_spatial_element_export_writes_loadable_maps_d36da051\segmented_ra_test_fast_axis_8bit.png,.png,1141,2026-05-31T16:44:41.631504+00:00,1c66d5f9ad6c76a3bec692b9d7edcd720cd56f3c57dade5315c71ae8f70c4249,20260603T123439Z,,False,preexisting_or_unknown
pytest_tmp\test_spatial_element_export_writes_loadable_maps_d36da051\segmented_ra_test_fast_axis_8bit.png.txt,.txt,208,2026-06-03T12:32:09.079029+00:00,8459a1334035d95fed7fd94729a7ad14f07b45b98e4f61fe63d1eda260de933d,20260603T123439Z,,False,preexisting_or_unknown
pytest_tmp\test_spatial_element_export_writes_loadable_maps_d36da051\segmented_ra_test_params.json,.json,807,2026-05-31T16:44:41.631504+00:00,6b4620cbd3967bca48d948a496b59a7dc90e11afaab4fcab560f6c87da2ea7ce,20260603T123439Z,,False,preexisting_or_unknown
pytest_tmp\test_spatial_element_export_writes_loadable_maps_f7467538\segmented_ra_test_fast_axis_8bit.png,.png,1141,2026-05-31T17:11:07.595942+00:00,1c66d5f9ad6c76a3bec692b9d7edcd720cd56f3c57dade5315c71ae8f70c4249,20260603T123439Z,,False,preexisting_or_unknown
pytest_tmp\test_spatial_element_export_writes_loadable_maps_f7467538\segmented_ra_test_fast_axis_8bit.png.txt,.txt,208,2026-06-03T12:32:09.081501+00:00,8459a1334035d95fed7fd94729a7ad14f07b45b98e4f61fe63d1eda260de933d,20260603T123439Z,,False,preexisting_or_unknown
pytest_tmp\test_spatial_element_export_writes_loadable_maps_f7467538\segmented_ra_test_params.json,.json,807,2026-05-31T17:11:07.597950+00:00,6b4620cbd3967bca48d948a496b59a7dc90e11afaab4fcab560f6c87da2ea7ce,20260603T123439Z,,False,preexisting_or_unknown
pytest_tmp\test_spatial_element_export_writes_loadable_maps_faabfe2b\segmented_ra_test_fast_axis_8bit.png,.png,1141,2026-06-01T15:23:29.659239+00:00,1c66d5f9ad6c76a3bec692b9d7edcd720cd56f3c57dade5315c71ae8f70c4249,20260603T123439Z,,False,preexisting_or_unknown
pytest_tmp\test_spatial_element_export_writes_loadable_maps_faabfe2b\segmented_ra_test_fast_axis_8bit.png.txt,.txt,208,2026-06-03T12:32:09.092033+00:00,8459a1334035d95fed7fd94729a7ad14f07b45b98e4f61fe63d1eda260de933d,20260603T123439Z,,False,preexisting_or_unknown
pytest_tmp\test_spatial_element_export_writes_loadable_maps_faabfe2b\segmented_ra_test_params.json,.json,807,2026-06-01T15:23:29.659239+00:00,6b4620cbd3967bca48d948a496b59a7dc90e11afaab4fcab560f6c87da2ea7ce,20260603T123439Z,,False,preexisting_or_unknown
pytest_tmp_probe\probe.txt,.txt,7,2026-05-31T16:10:31.745434+00:00,afe95856f764f9914353d089133caa3efbab822269c910be1041946d7f5398fb,20260603T123439Z,,False,preexisting_or_unknown
stage7_materials\07_materials_design_table.csv,.csv,1536,2026-05-29T01:03:43.544556+00:00,04ee177aa0e2e95d4bbe7b813815aca4d2e91535e8ea2e658e761bd27939e1d4,20260603T123439Z,,False,preexisting_or_unknown
stage7_materials\07_materials_feature_geometry_ell3_core3_l150.png,.png,238768,2026-05-29T01:03:43.945832+00:00,e7ab8268ae643f1f7b0442f76d23f82639b37b9677a90d8f84152e2e972f7df6,20260603T123439Z,,False,preexisting_or_unknown
stage7_materials\07_materials_feature_geometry_ell3_core3_l150.png.txt,.txt,207,2026-05-29T01:03:43.961102+00:00,f55feca3e0f260d5cfce75048171e0c96cc4e9e7e965bc2a3a0ab22c0c07bdd3,20260603T123439Z,,False,preexisting_or_unknown
stage7_materials\captions_manifest.jsonl,.jsonl,1570,2026-05-29T01:03:43.962539+00:00,96be9f8f63d82f79936a9c72bac30653344b4cb81a2492243eb41f4367bf62a6,20260603T123439Z,,False,preexisting_or_unknown
stage_g_validation\03_validation_sas_vs_bl_asm.png,.png,425894,2026-06-02T13:18:22.893664+00:00,847d0ecf940e29f2c4f39d8194ff190f663b3ec1db9caf6a0406a0b306976517,20260603T123439Z,,False,preexisting_or_unknown
stage_g_validation\03_validation_sas_vs_bl_asm.png.txt,.txt,219,2026-06-02T13:18:22.904307+00:00,c5713d3242df1a1d560b701b0e992c5a7245c20144a435d86d57fbcc2d1764ac,20260603T123439Z,,False,preexisting_or_unknown
stage_g_validation\captions_manifest.jsonl,.jsonl,4798,2026-06-02T13:18:33.135810+00:00,2e2751ca11dc736ddadbc49f7ca9375890b7e0b0fb627a2849b376255cac0d89,20260603T123439Z,,False,preexisting_or_unknown
stage_g_validation\csv\sas_self_checks.csv,.csv,390,2026-06-02T13:18:21.085791+00:00,12d8393a027305279be8746be04083f715049d3edc5b34c91cffbac250fe9e56,20260603T123439Z,,False,preexisting_or_unknown
stage_g_validation\G01_validation_table.png,.png,419158,2026-06-02T13:18:33.128187+00:00,d4d1ca56be6b2300cfdc4e6d972dba069ec9de1d24002d2123283a3c8f016a4e,20260603T123439Z,,False,preexisting_or_unknown
stage_g_validation\G01_validation_table.png.txt,.txt,115,2026-06-02T13:18:33.128187+00:00,033e0104042fd7c996454d60454e8095447986ca7bf73a27cfcb910269553896,20260603T123439Z,,False,preexisting_or_unknown
stage_g_validation\validation_suite.csv,.csv,9147,2026-06-02T13:18:32.145586+00:00,58ca5a84efd72445852a0fa688c2bec1adb89a93bebb6f9fef018f1eefc18439,20260603T123439Z,,False,preexisting_or_unknown
