study,case_id,ell,target_core_diameter_um,target_scale_definition,target_equivalent_l0_core_diameter_um,equivalent_l0_first_zero_radius_um,equivalent_l0_first_zero_diameter_um,vortex_main_ring_radius_um,vortex_main_ring_diameter_um,target_bessel_length_um,gamma_slm_deg,magnification_to_sample,core_radius_definition,core_hwhm_radius_um,core_hwhm_diameter_um,core_first_zero_radius_um,core_first_zero_diameter_um,canonical_zone_um,canonical_zone_start_um,canonical_zone_end_um,strict_bessel_region_um,strict_bessel_region_start_um,strict_bessel_region_end_um,bessel_region_definition,hardware_reachable,qa_status,propagation_method,device_grid_label,device_downsample,pupil_N,pupil_dx_um,pupil_window_mm,phase_frequency_lpmm,pupil_nyquist_lpmm,phase_sampling_label,focal_dx_um,focal_kt_nyquist_over_kr,focal_samples_per_radial_period,focal_sampling_label,axial_dz_um,axial_scan_end_um,axial_scan_target_factor,axial_sampling_label,k_medium_m_inv,NA,propagation_power_drift_fraction,propagation_power_label,propagation_power_clipping_note,validity_valid,validity_violations,validity_samples_per_feature,validity_samples_per_radial_period,validity_samples_per_axial_zone,validity_output_dx_um,validity_action,regime
sampling_feasibility_envelope,ell0_D1.0_L50.0,0,1.0,equivalent_l0_first_zero_diameter,1.0,0.5,1.0,0.0,0.0,50.0,1.7771107929417682,0.019693394982097625,not_evaluated_sampling_envelope,,,0.5,1.0,,,,,,,not_evaluated_sampling_envelope,True,marginal,bl_asm,downsampled,2,1024,16.0,16.384,21.325988568354052,31.25,pass,0.25122070312500006,2.5998564516957887,5.199712903391578,pass,6.666666666666655,600.0,2.6,marginal,6106108.170242552,0.45,,not_evaluated,No propagated volume was supplied; total-power drift and SAS clipping were not evaluated.,True,,3.9805636540330407,5.199712903391578,7.500000000000012,0.25122070312500006,pass,general
sampling_feasibility_envelope,ell0_D1.0_L100.0,0,1.0,equivalent_l0_first_zero_diameter,1.0,0.5,1.0,0.0,0.0,100.0,3.550808920229982,0.03938678996419525,not_evaluated_sampling_envelope,,,0.5,1.0,,,,,,,not_evaluated_sampling_envelope,True,fail,bl_asm,downsampled,2,1024,16.0,16.384,36.401977136708105,31.25,fail,0.25122070312500006,2.5998564516957887,5.199712903391578,pass,6.666666666666655,600.0,2.6,marginal,6106108.170242552,0.45,,not_evaluated,No propagated volume was supplied; total-power drift and SAS clipping were not evaluated.,True,,3.9805636540330407,5.199712903391578,15.000000000000025,0.25122070312500006,pass,general
sampling_feasibility_envelope,ell0_D1.0_L150.0,0,1.0,equivalent_l0_first_zero_diameter,1.0,0.5,1.0,0.0,0.0,150.0,5.317720874321809,0.05908018494629288,not_evaluated_sampling_envelope,,,0.5,1.0,,,,,,,not_evaluated_sampling_envelope,True,fail,bl_asm,downsampled,2,1024,16.0,16.384,51.477965705062154,31.25,fail,0.25122070312500006,2.5998564516957887,5.199712903391578,pass,6.666666666666655,600.0,2.6,pass,6106108.170242552,0.45,,not_evaluated,No propagated volume was supplied; total-power drift and SAS clipping were not evaluated.,True,,3.9805636540330407,5.199712903391578,22.50000000000004,0.25122070312500006,pass,general
sampling_feasibility_envelope,ell0_D1.0_L300.0,0,1.0,equivalent_l0_first_zero_diameter,1.0,0.5,1.0,0.0,0.0,300.0,10.545374703671616,0.11816036989258576,not_evaluated_sampling_envelope,,,0.5,1.0,,,,,,,not_evaluated_sampling_envelope,True,fail,bl_asm,downsampled,2,1024,16.0,16.384,96.70593141012431,31.25,fail,0.25122070312500006,2.5998564516957887,5.199712903391578,pass,8.66666666666667,780.0,2.6,pass,6106108.170242552,0.45,,not_evaluated,No propagated volume was supplied; total-power drift and SAS clipping were not evaluated.,True,,3.9805636540330407,5.199712903391578,34.6153846153846,0.25122070312500006,pass,general
sampling_feasibility_envelope,ell0_D1.0_L500.0,0,1.0,equivalent_l0_first_zero_diameter,1.0,0.5,1.0,0.0,0.0,500.0,17.237226959853746,0.19693394982097628,not_evaluated_sampling_envelope,,,0.5,1.0,,,,,,,not_evaluated_sampling_envelope,False,fail,bl_asm,downsampled,2,1024,16.0,16.384,157.00988568354055,31.25,fail,0.25122070312500006,2.5998564516957887,5.199712903391578,pass,14.444444444444423,1300.0000000000002,2.6,pass,6106108.170242552,0.45,,not_evaluated,No propagated volume was supplied; total-power drift and SAS clipping were not evaluated.,True,,3.9805636540330407,5.199712903391578,34.61538461538467,0.25122070312500006,pass,general
sampling_feasibility_envelope,ell0_D1.0_L800.0,0,1.0,equivalent_l0_first_zero_diameter,1.0,0.5,1.0,0.0,0.0,800.0,26.400820097231655,0.315094319713562,not_evaluated_sampling_envelope,,,0.5,1.0,,,,,,,not_evaluated_sampling_envelope,False,fail,bl_asm,downsampled,2,1024,16.0,16.384,247.4658170936648,31.25,fail,0.25122070312500006,2.5998564516957887,5.199712903391578,pass,23.11111111111112,2080.0,2.6,pass,6106108.170242552,0.45,,not_evaluated,No propagated volume was supplied; total-power drift and SAS clipping were not evaluated.,True,,3.9805636540330407,5.199712903391578,34.6153846153846,0.25122070312500006,pass,general
sampling_feasibility_envelope,ell0_D2.0_L50.0,0,2.0,equivalent_l0_first_zero_diameter,2.0,1.0,2.0,0.0,0.0,50.0,0.44441130847920957,0.009846697491048812,not_evaluated_sampling_envelope,,,1.0,2.0,,,,,,,not_evaluated_sampling_envelope,True,marginal,bl_asm,downsampled,2,1024,16.0,16.384,10.018997142088514,31.25,pass,0.25122070312500006,5.199712903391577,10.399425806783157,pass,6.666666666666655,600.0,2.6,marginal,6106108.170242552,0.45,,not_evaluated,No propagated volume was supplied; total-power drift and SAS clipping were not evaluated.,True,,7.961127308066081,10.399425806783157,7.500000000000012,0.25122070312500006,pass,general
sampling_feasibility_envelope,ell0_D2.0_L100.0,0,2.0,equivalent_l0_first_zero_diameter,2.0,1.0,2.0,0.0,0.0,100.0,0.888769149716337,0.019693394982097625,not_evaluated_sampling_envelope,,,1.0,2.0,,,,,,,not_evaluated_sampling_envelope,True,marginal,bl_asm,downsampled,2,1024,16.0,16.384,13.787994284177026,31.25,pass,0.25122070312500006,5.199712903391577,10.399425806783157,pass,6.666666666666655,600.0,2.6,marginal,6106108.170242552,0.45,,not_evaluated,No propagated volume was supplied; total-power drift and SAS clipping were not evaluated.,True,,7.961127308066081,10.399425806783157,15.000000000000025,0.25122070312500006,pass,general
sampling_feasibility_envelope,ell0_D2.0_L150.0,0,2.0,equivalent_l0_first_zero_diameter,2.0,1.0,2.0,0.0,0.0,150.0,1.3330200950551903,0.02954009247314644,not_evaluated_sampling_envelope,,,1.0,2.0,,,,,,,not_evaluated_sampling_envelope,True,marginal,bl_asm,downsampled,2,1024,16.0,16.384,17.55699142626554,31.25,pass,0.25122070312500006,5.199712903391577,10.399425806783157,pass,6.666666666666655,600.0,2.6,pass,6106108.170242552,0.45,,not_evaluated,No propagated volume was supplied; total-power drift and SAS clipping were not evaluated.,True,,7.961127308066081,10.399425806783157,22.50000000000004,0.25122070312500006,pass,general
sampling_feasibility_envelope,ell0_D2.0_L300.0,0,2.0,equivalent_l0_first_zero_diameter,2.0,1.0,2.0,0.0,0.0,300.0,2.664598655709351,0.05908018494629288,not_evaluated_sampling_envelope,,,1.0,2.0,,,,,,,not_evaluated_sampling_envelope,True,marginal,bl_asm,downsampled,2,1024,16.0,16.384,28.863982852531077,31.25,marginal,0.25122070312500006,5.199712903391577,10.399425806783157,pass,8.66666666666667,780.0,2.6,pass,6106108.170242552,0.45,,not_evaluated,No propagated volume was supplied; total-power drift and SAS clipping were not evaluated.,True,,7.961127308066081,10.399425806783157,34.6153846153846,0.25122070312500006,pass,general
sampling_feasibility_envelope,ell0_D2.0_L500.0,0,2.0,equivalent_l0_first_zero_diameter,2.0,1.0,2.0,0.0,0.0,500.0,4.4353214309250255,0.09846697491048814,not_evaluated_sampling_envelope,,,1.0,2.0,,,,,,,not_evaluated_sampling_envelope,False,fail,bl_asm,downsampled,2,1024,16.0,16.384,43.939971420885136,31.25,fail,0.25122070312500006,5.199712903391577,10.399425806783157,pass,14.444444444444423,1300.0000000000002,2.6,pass,6106108.170242552,0.45,,not_evaluated,No propagated volume was supplied; total-power drift and SAS clipping were not evaluated.,True,,7.961127308066081,10.399425806783157,34.61538461538467,0.25122070312500006,pass,general
sampling_feasibility_envelope,ell0_D2.0_L800.0,0,2.0,equivalent_l0_first_zero_diameter,2.0,1.0,2.0,0.0,0.0,800.0,7.074550347369427,0.157547159856781,not_evaluated_sampling_envelope,,,1.0,2.0,,,,,,,not_evaluated_sampling_envelope,False,fail,bl_asm,downsampled,2,1024,16.0,16.384,66.55395427341621,31.25,fail,0.25122070312500006,5.199712903391577,10.399425806783157,pass,23.11111111111112,2080.0,2.6,pass,6106108.170242552,0.45,,not_evaluated,No propagated volume was supplied; total-power drift and SAS clipping were not evaluated.,True,,7.961127308066081,10.399425806783157,34.6153846153846,0.25122070312500006,pass,general
sampling_feasibility_envelope,ell0_D3.0_L50.0,0,3.0,equivalent_l0_first_zero_diameter,3.0,1.5,3.0,0.0,0.0,50.0,0.19751931574637122,0.006564464994032542,not_evaluated_sampling_envelope,,,1.5,3.0,,,,,,,not_evaluated_sampling_envelope,True,marginal,bl_asm,downsampled,2,1024,16.0,16.384,7.925109840928228,31.25,pass,0.25122070312500006,7.799569355087367,15.599138710174733,pass,6.666666666666655,600.0,2.6,marginal,6106108.170242552,0.45,,not_evaluated,No propagated volume was supplied; total-power drift and SAS clipping were not evaluated.,True,,11.941690962099123,15.599138710174733,7.500000000000012,0.25122070312500006,pass,general
sampling_feasibility_envelope,ell0_D3.0_L100.0,0,3.0,equivalent_l0_first_zero_diameter,3.0,1.5,3.0,0.0,0.0,100.0,0.39503393684376026,0.013128929988065084,not_evaluated_sampling_envelope,,,1.5,3.0,,,,,,,not_evaluated_sampling_envelope,True,marginal,bl_asm,downsampled,2,1024,16.0,16.384,9.600219681856455,31.25,pass,0.25122070312500006,7.799569355087367,15.599138710174733,pass,6.666666666666655,600.0,2.6,marginal,6106108.170242552,0.45,,not_evaluated,No propagated volume was supplied; total-power drift and SAS clipping were not evaluated.,True,,11.941690962099123,15.599138710174733,15.000000000000025,0.25122070312500006,pass,general
sampling_feasibility_envelope,ell0_D3.0_L150.0,0,3.0,equivalent_l0_first_zero_diameter,3.0,1.5,3.0,0.0,0.0,150.0,0.5925391693126465,0.019693394982097625,not_evaluated_sampling_envelope,,,1.5,3.0,,,,,,,not_evaluated_sampling_envelope,True,marginal,bl_asm,downsampled,2,1024,16.0,16.384,11.275329522784684,31.25,pass,0.25122070312500006,7.799569355087367,15.599138710174733,pass,6.666666666666655,600.0,2.6,pass,6106108.170242552,0.45,,not_evaluated,No propagated volume was supplied; total-power drift and SAS clipping were not evaluated.,True,,11.941690962099123,15.599138710174733,22.50000000000004,0.25122070312500006,pass,general
sampling_feasibility_envelope,ell0_D3.0_L300.0,0,3.0,equivalent_l0_first_zero_diameter,3.0,1.5,3.0,0.0,0.0,300.0,1.184951619245102,0.03938678996419525,not_evaluated_sampling_envelope,,,1.5,3.0,,,,,,,not_evaluated_sampling_envelope,True,marginal,bl_asm,downsampled,2,1024,16.0,16.384,16.30065904556937,31.25,pass,0.25122070312500006,7.799569355087367,15.599138710174733,pass,8.66666666666667,780.0,2.6,pass,6106108.170242552,0.45,,not_evaluated,No propagated volume was supplied; total-power drift and SAS clipping were not evaluated.,True,,11.941690962099123,15.599138710174733,34.6153846153846,0.25122070312500006,pass,general
sampling_feasibility_envelope,ell0_D3.0_L500.0,0,3.0,equivalent_l0_first_zero_diameter,3.0,1.5,3.0,0.0,0.0,500.0,1.9744190701859103,0.06564464994032541,not_evaluated_sampling_envelope,,,1.5,3.0,,,,,,,not_evaluated_sampling_envelope,False,marginal,bl_asm,downsampled,2,1024,16.0,16.384,23.001098409282278,31.25,pass,0.25122070312500006,7.799569355087367,15.599138710174733,pass,14.444444444444423,1300.0000000000002,2.6,pass,6106108.170242552,0.45,,not_evaluated,No propagated volume was supplied; total-power drift and SAS clipping were not evaluated.,True,,11.941690962099123,15.599138710174733,34.61538461538467,0.25122070312500006,pass,general
sampling_feasibility_envelope,ell0_D3.0_L800.0,0,3.0,equivalent_l0_first_zero_diameter,3.0,1.5,3.0,0.0,0.0,800.0,3.157122414581327,0.10503143990452067,not_evaluated_sampling_envelope,,,1.5,3.0,,,,,,,not_evaluated_sampling_envelope,False,fail,bl_asm,downsampled,2,1024,16.0,16.384,33.05175745485164,31.25,fail,0.25122070312500006,7.799569355087367,15.599138710174733,pass,23.11111111111112,2080.0,2.6,pass,6106108.170242552,0.45,,not_evaluated,No propagated volume was supplied; total-power drift and SAS clipping were not evaluated.,True,,11.941690962099123,15.599138710174733,34.6153846153846,0.25122070312500006,pass,general
sampling_feasibility_envelope,ell0_D4.0_L50.0,0,4.0,equivalent_l0_first_zero_diameter,4.0,2.0,4.0,0.0,0.0,50.0,0.11110491598080227,0.004923348745524406,not_evaluated_sampling_envelope,,,2.0,4.0,,,,,,,not_evaluated_sampling_envelope,True,marginal,bl_asm,downsampled,2,1024,16.0,16.384,7.192249285522129,31.25,pass,0.25122070312500006,10.399425806783155,20.798851613566313,pass,6.666666666666655,600.0,2.6,marginal,6106108.170242552,0.45,,not_evaluated,No propagated volume was supplied; total-power drift and SAS clipping were not evaluated.,True,,15.922254616132163,20.798851613566313,7.500000000000012,0.25122070312500006,pass,general
sampling_feasibility_envelope,ell0_D4.0_L100.0,0,4.0,equivalent_l0_first_zero_diameter,4.0,2.0,4.0,0.0,0.0,100.0,0.22220899639458336,0.009846697491048812,not_evaluated_sampling_envelope,,,2.0,4.0,,,,,,,not_evaluated_sampling_envelope,True,marginal,bl_asm,downsampled,2,1024,16.0,16.384,8.134498571044258,31.25,pass,0.25122070312500006,10.399425806783155,20.798851613566313,pass,6.666666666666655,600.0,2.6,marginal,6106108.170242552,0.45,,not_evaluated,No propagated volume was supplied; total-power drift and SAS clipping were not evaluated.,True,,15.922254616132163,20.798851613566313,15.000000000000025,0.25122070312500006,pass,general
sampling_feasibility_envelope,ell0_D4.0_L150.0,0,4.0,equivalent_l0_first_zero_diameter,4.0,2.0,4.0,0.0,0.0,150.0,0.3333114057120248,0.01477004623657322,not_evaluated_sampling_envelope,,,2.0,4.0,,,,,,,not_evaluated_sampling_envelope,True,marginal,bl_asm,downsampled,2,1024,16.0,16.384,9.076747856566387,31.25,pass,0.25122070312500006,10.399425806783155,20.798851613566313,pass,6.666666666666655,600.0,2.6,pass,6106108.170242552,0.45,,not_evaluated,No propagated volume was supplied; total-power drift and SAS clipping were not evaluated.,True,,15.922254616132163,20.798851613566313,22.50000000000004,0.25122070312500006,pass,general
sampling_feasibility_envelope,ell0_D4.0_L300.0,0,4.0,equivalent_l0_first_zero_diameter,4.0,2.0,4.0,0.0,0.0,300.0,0.6666002531502747,0.02954009247314644,not_evaluated_sampling_envelope,,,2.0,4.0,,,,,,,not_evaluated_sampling_envelope,True,marginal,bl_asm,downsampled,2,1024,16.0,16.384,11.90349571313277,31.25,pass,0.25122070312500006,10.399425806783155,20.798851613566313,pass,8.66666666666667,780.0,2.6,pass,6106108.170242552,0.45,,not_evaluated,No propagated volume was supplied; total-power drift and SAS clipping were not evaluated.,True,,15.922254616132163,20.798851613566313,34.6153846153846,0.25122070312500006,pass,general
sampling_feasibility_envelope,ell0_D4.0_L500.0,0,4.0,equivalent_l0_first_zero_diameter,4.0,2.0,4.0,0.0,0.0,500.0,1.1109113211028379,0.04923348745524407,not_evaluated_sampling_envelope,,,2.0,4.0,,,,,,,not_evaluated_sampling_envelope,False,marginal,bl_asm,downsampled,2,1024,16.0,16.384,15.672492855221284,31.25,pass,0.25122070312500006,10.399425806783155,20.798851613566313,pass,14.444444444444423,1300.0000000000002,2.6,pass,6106108.170242552,0.45,,not_evaluated,No propagated volume was supplied; total-power drift and SAS clipping were not evaluated.,True,,15.922254616132163,20.798851613566313,34.61538461538467,0.25122070312500006,pass,general
sampling_feasibility_envelope,ell0_D4.0_L800.0,0,4.0,equivalent_l0_first_zero_diameter,4.0,2.0,4.0,0.0,0.0,800.0,1.7771107929417682,0.0787735799283905,not_evaluated_sampling_envelope,,,2.0,4.0,,,,,,,not_evaluated_sampling_envelope,False,marginal,bl_asm,downsampled,2,1024,16.0,16.384,21.325988568354052,31.25,pass,0.25122070312500006,10.399425806783155,20.798851613566313,pass,23.11111111111112,2080.0,2.6,pass,6106108.170242552,0.45,,not_evaluated,No propagated volume was supplied; total-power drift and SAS clipping were not evaluated.,True,,15.922254616132163,20.798851613566313,34.6153846153846,0.25122070312500006,pass,general
sampling_feasibility_envelope,ell0_D6.0_L50.0,0,6.0,equivalent_l0_first_zero_diameter,6.0,3.0,6.0,0.0,0.0,50.0,0.04938001232646751,0.003282232497016271,not_evaluated_sampling_envelope,,,3.0,6.0,,,,,,,not_evaluated_sampling_envelope,True,marginal,bl_asm,downsampled,2,1024,16.0,16.384,6.668777460232058,31.25,pass,0.25122070312500006,15.599138710174733,31.198277420349466,pass,6.666666666666655,600.0,2.6,marginal,6106108.170242552,0.45,,not_evaluated,No propagated volume was supplied; total-power drift and SAS clipping were not evaluated.,True,,23.883381924198247,31.198277420349466,7.500000000000012,0.25122070312500006,pass,general
sampling_feasibility_envelope,ell0_D6.0_L100.0,0,6.0,equivalent_l0_first_zero_diameter,6.0,3.0,6.0,0.0,0.0,100.0,0.09875995129659283,0.006564464994032542,not_evaluated_sampling_envelope,,,3.0,6.0,,,,,,,not_evaluated_sampling_envelope,True,marginal,bl_asm,downsampled,2,1024,16.0,16.384,7.087554920464115,31.25,pass,0.25122070312500006,15.599138710174733,31.198277420349466,pass,6.666666666666655,600.0,2.6,marginal,6106108.170242552,0.45,,not_evaluated,No propagated volume was supplied; total-power drift and SAS clipping were not evaluated.,True,,23.883381924198247,31.198277420349466,15.000000000000025,0.25122070312500006,pass,general
sampling_feasibility_envelope,ell0_D6.0_L150.0,0,6.0,equivalent_l0_first_zero_diameter,6.0,3.0,6.0,0.0,0.0,150.0,0.14813974355468765,0.009846697491048812,not_evaluated_sampling_envelope,,,3.0,6.0,,,,,,,not_evaluated_sampling_envelope,True,marginal,bl_asm,downsampled,2,1024,16.0,16.384,7.506332380696172,31.25,pass,0.25122070312500006,15.599138710174733,31.198277420349466,pass,6.666666666666655,600.0,2.6,pass,6106108.170242552,0.45,,not_evaluated,No propagated volume was supplied; total-power drift and SAS clipping were not evaluated.,True,,23.883381924198247,31.198277420349466,22.50000000000004,0.25122070312500006,pass,general
sampling_feasibility_envelope,ell0_D6.0_L300.0,0,6.0,equivalent_l0_first_zero_diameter,6.0,3.0,6.0,0.0,0.0,300.0,0.2962775065234433,0.019693394982097625,not_evaluated_sampling_envelope,,,3.0,6.0,,,,,,,not_evaluated_sampling_envelope,True,marginal,bl_asm,downsampled,2,1024,16.0,16.384,8.762664761392344,31.25,pass,0.25122070312500006,15.599138710174733,31.198277420349466,pass,8.66666666666667,780.0,2.6,pass,6106108.170242552,0.45,,not_evaluated,No propagated volume was supplied; total-power drift and SAS clipping were not evaluated.,True,,23.883381924198247,31.198277420349466,34.6153846153846,0.25122070312500006,pass,general
sampling_feasibility_envelope,ell0_D6.0_L500.0,0,6.0,equivalent_l0_first_zero_diameter,6.0,3.0,6.0,0.0,0.0,500.0,0.49378801998603367,0.03282232497016271,not_evaluated_sampling_envelope,,,3.0,6.0,,,,,,,not_evaluated_sampling_envelope,False,marginal,bl_asm,downsampled,2,1024,16.0,16.384,10.43777460232057,31.25,pass,0.25122070312500006,15.599138710174733,31.198277420349466,pass,14.444444444444423,1300.0000000000002,2.6,pass,6106108.170242552,0.45,,not_evaluated,No propagated volume was supplied; total-power drift and SAS clipping were not evaluated.,True,,23.883381924198247,31.198277420349466,34.61538461538467,0.25122070312500006,pass,general
sampling_feasibility_envelope,ell0_D6.0_L800.0,0,6.0,equivalent_l0_first_zero_diameter,6.0,3.0,6.0,0.0,0.0,800.0,0.790030320512193,0.052515719952260335,not_evaluated_sampling_envelope,,,3.0,6.0,,,,,,,not_evaluated_sampling_envelope,False,marginal,bl_asm,downsampled,2,1024,16.0,16.384,12.95043936371291,31.25,pass,0.25122070312500006,15.599138710174733,31.198277420349466,pass,23.11111111111112,2080.0,2.6,pass,6106108.170242552,0.45,,not_evaluated,No propagated volume was supplied; total-power drift and SAS clipping were not evaluated.,True,,23.883381924198247,31.198277420349466,34.6153846153846,0.25122070312500006,pass,general
sampling_feasibility_envelope,ell0_D8.0_L50.0,0,8.0,equivalent_l0_first_zero_diameter,8.0,4.0,8.0,0.0,0.0,50.0,0.02777626163482729,0.002461674372762203,not_evaluated_sampling_envelope,,,4.0,8.0,,,,,,,not_evaluated_sampling_envelope,False,marginal,bl_asm,downsampled,2,1024,16.0,16.384,6.485562321380533,31.25,pass,0.25122070312500006,20.79885161356631,41.59770322713263,pass,6.666666666666655,600.0,2.6,marginal,6106108.170242552,0.45,,not_evaluated,No propagated volume was supplied; total-power drift and SAS clipping were not evaluated.,True,,31.844509232264326,41.59770322713263,7.500000000000012,0.25122070312500006,pass,general
sampling_feasibility_envelope,ell0_D8.0_L100.0,0,8.0,equivalent_l0_first_zero_diameter,8.0,4.0,8.0,0.0,0.0,100.0,0.0555525102137818,0.004923348745524406,not_evaluated_sampling_envelope,,,4.0,8.0,,,,,,,not_evaluated_sampling_envelope,False,marginal,bl_asm,downsampled,2,1024,16.0,16.384,6.721124642761065,31.25,pass,0.25122070312500006,20.79885161356631,41.59770322713263,pass,6.666666666666655,600.0,2.6,marginal,6106108.170242552,0.45,,not_evaluated,No propagated volume was supplied; total-power drift and SAS clipping were not evaluated.,True,,31.844509232264326,41.59770322713263,15.000000000000025,0.25122070312500006,pass,general
sampling_feasibility_envelope,ell0_D8.0_L150.0,0,8.0,equivalent_l0_first_zero_diameter,8.0,4.0,8.0,0.0,0.0,150.0,0.08332873268102757,0.00738502311828661,not_evaluated_sampling_envelope,,,4.0,8.0,,,,,,,not_evaluated_sampling_envelope,False,marginal,bl_asm,downsampled,2,1024,16.0,16.384,6.956686964141597,31.25,pass,0.25122070312500006,20.79885161356631,41.59770322713263,pass,6.666666666666655,600.0,2.6,pass,6106108.170242552,0.45,,not_evaluated,No propagated volume was supplied; total-power drift and SAS clipping were not evaluated.,True,,31.844509232264326,41.59770322713263,22.50000000000004,0.25122070312500006,pass,general
sampling_feasibility_envelope,ell0_D8.0_L300.0,0,8.0,equivalent_l0_first_zero_diameter,8.0,4.0,8.0,0.0,0.0,300.0,0.16665711285547832,0.01477004623657322,not_evaluated_sampling_envelope,,,4.0,8.0,,,,,,,not_evaluated_sampling_envelope,False,marginal,bl_asm,downsampled,2,1024,16.0,16.384,7.663373928283193,31.25,pass,0.25122070312500006,20.79885161356631,41.59770322713263,pass,8.66666666666667,780.0,2.6,pass,6106108.170242552,0.45,,not_evaluated,No propagated volume was supplied; total-power drift and SAS clipping were not evaluated.,True,,31.844509232264326,41.59770322713263,34.6153846153846,0.25122070312500006,pass,general
sampling_feasibility_envelope,ell0_D8.0_L500.0,0,8.0,equivalent_l0_first_zero_diameter,8.0,4.0,8.0,0.0,0.0,500.0,0.27776046215842537,0.024616743727622035,not_evaluated_sampling_envelope,,,4.0,8.0,,,,,,,not_evaluated_sampling_envelope,False,marginal,bl_asm,downsampled,2,1024,16.0,16.384,8.605623213805321,31.25,pass,0.25122070312500006,20.79885161356631,41.59770322713263,pass,14.444444444444423,1300.0000000000002,2.6,pass,6106108.170242552,0.45,,not_evaluated,No propagated volume was supplied; total-power drift and SAS clipping were not evaluated.,True,,31.844509232264326,41.59770322713263,34.61538461538467,0.25122070312500006,pass,general
sampling_feasibility_envelope,ell0_D8.0_L800.0,0,8.0,equivalent_l0_first_zero_diameter,8.0,4.0,8.0,0.0,0.0,800.0,0.44441130847920957,0.03938678996419525,not_evaluated_sampling_envelope,,,4.0,8.0,,,,,,,not_evaluated_sampling_envelope,False,marginal,bl_asm,downsampled,2,1024,16.0,16.384,10.018997142088514,31.25,pass,0.25122070312500006,20.79885161356631,41.59770322713263,pass,23.11111111111112,2080.0,2.6,pass,6106108.170242552,0.45,,not_evaluated,No propagated volume was supplied; total-power drift and SAS clipping were not evaluated.,True,,31.844509232264326,41.59770322713263,34.6153846153846,0.25122070312500006,pass,general
sampling_feasibility_envelope,ell1_D1.0_L50.0,1,1.0,equivalent_l0_first_zero_diameter,1.0,0.5,1.0,0.3827824909232141,0.7655649818464282,50.0,1.7771107929417682,0.019693394982097625,not_evaluated_sampling_envelope,,,0.5,1.0,,,,,,,not_evaluated_sampling_envelope,True,marginal,bl_asm,downsampled,2,1024,16.0,16.384,21.325988568354052,31.25,pass,0.25122070312500006,2.5998564516957887,5.199712903391578,pass,6.666666666666655,600.0,2.6,marginal,6106108.170242552,0.45,,not_evaluated,No propagated volume was supplied; total-power drift and SAS clipping were not evaluated.,True,,3.9805636540330407,5.199712903391578,7.500000000000012,0.25122070312500006,pass,general
sampling_feasibility_envelope,ell1_D1.0_L100.0,1,1.0,equivalent_l0_first_zero_diameter,1.0,0.5,1.0,0.3827824909232141,0.7655649818464282,100.0,3.550808920229982,0.03938678996419525,not_evaluated_sampling_envelope,,,0.5,1.0,,,,,,,not_evaluated_sampling_envelope,True,fail,bl_asm,downsampled,2,1024,16.0,16.384,36.401977136708105,31.25,fail,0.25122070312500006,2.5998564516957887,5.199712903391578,pass,6.666666666666655,600.0,2.6,marginal,6106108.170242552,0.45,,not_evaluated,No propagated volume was supplied; total-power drift and SAS clipping were not evaluated.,True,,3.9805636540330407,5.199712903391578,15.000000000000025,0.25122070312500006,pass,general
sampling_feasibility_envelope,ell1_D1.0_L150.0,1,1.0,equivalent_l0_first_zero_diameter,1.0,0.5,1.0,0.3827824909232141,0.7655649818464282,150.0,5.317720874321809,0.05908018494629288,not_evaluated_sampling_envelope,,,0.5,1.0,,,,,,,not_evaluated_sampling_envelope,True,fail,bl_asm,downsampled,2,1024,16.0,16.384,51.477965705062154,31.25,fail,0.25122070312500006,2.5998564516957887,5.199712903391578,pass,6.666666666666655,600.0,2.6,pass,6106108.170242552,0.45,,not_evaluated,No propagated volume was supplied; total-power drift and SAS clipping were not evaluated.,True,,3.9805636540330407,5.199712903391578,22.50000000000004,0.25122070312500006,pass,general
sampling_feasibility_envelope,ell1_D1.0_L300.0,1,1.0,equivalent_l0_first_zero_diameter,1.0,0.5,1.0,0.3827824909232141,0.7655649818464282,300.0,10.545374703671616,0.11816036989258576,not_evaluated_sampling_envelope,,,0.5,1.0,,,,,,,not_evaluated_sampling_envelope,True,fail,bl_asm,downsampled,2,1024,16.0,16.384,96.70593141012431,31.25,fail,0.25122070312500006,2.5998564516957887,5.199712903391578,pass,8.66666666666667,780.0,2.6,pass,6106108.170242552,0.45,,not_evaluated,No propagated volume was supplied; total-power drift and SAS clipping were not evaluated.,True,,3.9805636540330407,5.199712903391578,34.6153846153846,0.25122070312500006,pass,general
sampling_feasibility_envelope,ell1_D1.0_L500.0,1,1.0,equivalent_l0_first_zero_diameter,1.0,0.5,1.0,0.3827824909232141,0.7655649818464282,500.0,17.237226959853746,0.19693394982097628,not_evaluated_sampling_envelope,,,0.5,1.0,,,,,,,not_evaluated_sampling_envelope,False,fail,bl_asm,downsampled,2,1024,16.0,16.384,157.00988568354055,31.25,fail,0.25122070312500006,2.5998564516957887,5.199712903391578,pass,14.444444444444423,1300.0000000000002,2.6,pass,6106108.170242552,0.45,,not_evaluated,No propagated volume was supplied; total-power drift and SAS clipping were not evaluated.,True,,3.9805636540330407,5.199712903391578,34.61538461538467,0.25122070312500006,pass,general
sampling_feasibility_envelope,ell1_D1.0_L800.0,1,1.0,equivalent_l0_first_zero_diameter,1.0,0.5,1.0,0.3827824909232141,0.7655649818464282,800.0,26.400820097231655,0.315094319713562,not_evaluated_sampling_envelope,,,0.5,1.0,,,,,,,not_evaluated_sampling_envelope,False,fail,bl_asm,downsampled,2,1024,16.0,16.384,247.4658170936648,31.25,fail,0.25122070312500006,2.5998564516957887,5.199712903391578,pass,23.11111111111112,2080.0,2.6,pass,6106108.170242552,0.45,,not_evaluated,No propagated volume was supplied; total-power drift and SAS clipping were not evaluated.,True,,3.9805636540330407,5.199712903391578,34.6153846153846,0.25122070312500006,pass,general
sampling_feasibility_envelope,ell1_D2.0_L50.0,1,2.0,equivalent_l0_first_zero_diameter,2.0,1.0,2.0,0.7655649818464282,1.5311299636928564,50.0,0.44441130847920957,0.009846697491048812,not_evaluated_sampling_envelope,,,1.0,2.0,,,,,,,not_evaluated_sampling_envelope,True,marginal,bl_asm,downsampled,2,1024,16.0,16.384,10.018997142088514,31.25,pass,0.25122070312500006,5.199712903391577,10.399425806783157,pass,6.666666666666655,600.0,2.6,marginal,6106108.170242552,0.45,,not_evaluated,No propagated volume was supplied; total-power drift and SAS clipping were not evaluated.,True,,7.961127308066081,10.399425806783157,7.500000000000012,0.25122070312500006,pass,general
sampling_feasibility_envelope,ell1_D2.0_L100.0,1,2.0,equivalent_l0_first_zero_diameter,2.0,1.0,2.0,0.7655649818464282,1.5311299636928564,100.0,0.888769149716337,0.019693394982097625,not_evaluated_sampling_envelope,,,1.0,2.0,,,,,,,not_evaluated_sampling_envelope,True,marginal,bl_asm,downsampled,2,1024,16.0,16.384,13.787994284177026,31.25,pass,0.25122070312500006,5.199712903391577,10.399425806783157,pass,6.666666666666655,600.0,2.6,marginal,6106108.170242552,0.45,,not_evaluated,No propagated volume was supplied; total-power drift and SAS clipping were not evaluated.,True,,7.961127308066081,10.399425806783157,15.000000000000025,0.25122070312500006,pass,general
sampling_feasibility_envelope,ell1_D2.0_L150.0,1,2.0,equivalent_l0_first_zero_diameter,2.0,1.0,2.0,0.7655649818464282,1.5311299636928564,150.0,1.3330200950551903,0.02954009247314644,not_evaluated_sampling_envelope,,,1.0,2.0,,,,,,,not_evaluated_sampling_envelope,True,marginal,bl_asm,downsampled,2,1024,16.0,16.384,17.55699142626554,31.25,pass,0.25122070312500006,5.199712903391577,10.399425806783157,pass,6.666666666666655,600.0,2.6,pass,6106108.170242552,0.45,,not_evaluated,No propagated volume was supplied; total-power drift and SAS clipping were not evaluated.,True,,7.961127308066081,10.399425806783157,22.50000000000004,0.25122070312500006,pass,general
sampling_feasibility_envelope,ell1_D2.0_L300.0,1,2.0,equivalent_l0_first_zero_diameter,2.0,1.0,2.0,0.7655649818464282,1.5311299636928564,300.0,2.664598655709351,0.05908018494629288,not_evaluated_sampling_envelope,,,1.0,2.0,,,,,,,not_evaluated_sampling_envelope,True,marginal,bl_asm,downsampled,2,1024,16.0,16.384,28.863982852531077,31.25,marginal,0.25122070312500006,5.199712903391577,10.399425806783157,pass,8.66666666666667,780.0,2.6,pass,6106108.170242552,0.45,,not_evaluated,No propagated volume was supplied; total-power drift and SAS clipping were not evaluated.,True,,7.961127308066081,10.399425806783157,34.6153846153846,0.25122070312500006,pass,general
sampling_feasibility_envelope,ell1_D2.0_L500.0,1,2.0,equivalent_l0_first_zero_diameter,2.0,1.0,2.0,0.7655649818464282,1.5311299636928564,500.0,4.4353214309250255,0.09846697491048814,not_evaluated_sampling_envelope,,,1.0,2.0,,,,,,,not_evaluated_sampling_envelope,False,fail,bl_asm,downsampled,2,1024,16.0,16.384,43.939971420885136,31.25,fail,0.25122070312500006,5.199712903391577,10.399425806783157,pass,14.444444444444423,1300.0000000000002,2.6,pass,6106108.170242552,0.45,,not_evaluated,No propagated volume was supplied; total-power drift and SAS clipping were not evaluated.,True,,7.961127308066081,10.399425806783157,34.61538461538467,0.25122070312500006,pass,general
sampling_feasibility_envelope,ell1_D2.0_L800.0,1,2.0,equivalent_l0_first_zero_diameter,2.0,1.0,2.0,0.7655649818464282,1.5311299636928564,800.0,7.074550347369427,0.157547159856781,not_evaluated_sampling_envelope,,,1.0,2.0,,,,,,,not_evaluated_sampling_envelope,False,fail,bl_asm,downsampled,2,1024,16.0,16.384,66.55395427341621,31.25,fail,0.25122070312500006,5.199712903391577,10.399425806783157,pass,23.11111111111112,2080.0,2.6,pass,6106108.170242552,0.45,,not_evaluated,No propagated volume was supplied; total-power drift and SAS clipping were not evaluated.,True,,7.961127308066081,10.399425806783157,34.6153846153846,0.25122070312500006,pass,general
sampling_feasibility_envelope,ell1_D3.0_L50.0,1,3.0,equivalent_l0_first_zero_diameter,3.0,1.5,3.0,1.1483474727696423,2.2966949455392847,50.0,0.19751931574637122,0.006564464994032542,not_evaluated_sampling_envelope,,,1.5,3.0,,,,,,,not_evaluated_sampling_envelope,True,marginal,bl_asm,downsampled,2,1024,16.0,16.384,7.925109840928228,31.25,pass,0.25122070312500006,7.799569355087367,15.599138710174733,pass,6.666666666666655,600.0,2.6,marginal,6106108.170242552,0.45,,not_evaluated,No propagated volume was supplied; total-power drift and SAS clipping were not evaluated.,True,,11.941690962099123,15.599138710174733,7.500000000000012,0.25122070312500006,pass,general
sampling_feasibility_envelope,ell1_D3.0_L100.0,1,3.0,equivalent_l0_first_zero_diameter,3.0,1.5,3.0,1.1483474727696423,2.2966949455392847,100.0,0.39503393684376026,0.013128929988065084,not_evaluated_sampling_envelope,,,1.5,3.0,,,,,,,not_evaluated_sampling_envelope,True,marginal,bl_asm,downsampled,2,1024,16.0,16.384,9.600219681856455,31.25,pass,0.25122070312500006,7.799569355087367,15.599138710174733,pass,6.666666666666655,600.0,2.6,marginal,6106108.170242552,0.45,,not_evaluated,No propagated volume was supplied; total-power drift and SAS clipping were not evaluated.,True,,11.941690962099123,15.599138710174733,15.000000000000025,0.25122070312500006,pass,general
sampling_feasibility_envelope,ell1_D3.0_L150.0,1,3.0,equivalent_l0_first_zero_diameter,3.0,1.5,3.0,1.1483474727696423,2.2966949455392847,150.0,0.5925391693126465,0.019693394982097625,not_evaluated_sampling_envelope,,,1.5,3.0,,,,,,,not_evaluated_sampling_envelope,True,marginal,bl_asm,downsampled,2,1024,16.0,16.384,11.275329522784684,31.25,pass,0.25122070312500006,7.799569355087367,15.599138710174733,pass,6.666666666666655,600.0,2.6,pass,6106108.170242552,0.45,,not_evaluated,No propagated volume was supplied; total-power drift and SAS clipping were not evaluated.,True,,11.941690962099123,15.599138710174733,22.50000000000004,0.25122070312500006,pass,general
sampling_feasibility_envelope,ell1_D3.0_L300.0,1,3.0,equivalent_l0_first_zero_diameter,3.0,1.5,3.0,1.1483474727696423,2.2966949455392847,300.0,1.184951619245102,0.03938678996419525,not_evaluated_sampling_envelope,,,1.5,3.0,,,,,,,not_evaluated_sampling_envelope,True,marginal,bl_asm,downsampled,2,1024,16.0,16.384,16.30065904556937,31.25,pass,0.25122070312500006,7.799569355087367,15.599138710174733,pass,8.66666666666667,780.0,2.6,pass,6106108.170242552,0.45,,not_evaluated,No propagated volume was supplied; total-power drift and SAS clipping were not evaluated.,True,,11.941690962099123,15.599138710174733,34.6153846153846,0.25122070312500006,pass,general
sampling_feasibility_envelope,ell1_D3.0_L500.0,1,3.0,equivalent_l0_first_zero_diameter,3.0,1.5,3.0,1.1483474727696423,2.2966949455392847,500.0,1.9744190701859103,0.06564464994032541,not_evaluated_sampling_envelope,,,1.5,3.0,,,,,,,not_evaluated_sampling_envelope,False,marginal,bl_asm,downsampled,2,1024,16.0,16.384,23.001098409282278,31.25,pass,0.25122070312500006,7.799569355087367,15.599138710174733,pass,14.444444444444423,1300.0000000000002,2.6,pass,6106108.170242552,0.45,,not_evaluated,No propagated volume was supplied; total-power drift and SAS clipping were not evaluated.,True,,11.941690962099123,15.599138710174733,34.61538461538467,0.25122070312500006,pass,general
sampling_feasibility_envelope,ell1_D3.0_L800.0,1,3.0,equivalent_l0_first_zero_diameter,3.0,1.5,3.0,1.1483474727696423,2.2966949455392847,800.0,3.157122414581327,0.10503143990452067,not_evaluated_sampling_envelope,,,1.5,3.0,,,,,,,not_evaluated_sampling_envelope,False,fail,bl_asm,downsampled,2,1024,16.0,16.384,33.05175745485164,31.25,fail,0.25122070312500006,7.799569355087367,15.599138710174733,pass,23.11111111111112,2080.0,2.6,pass,6106108.170242552,0.45,,not_evaluated,No propagated volume was supplied; total-power drift and SAS clipping were not evaluated.,True,,11.941690962099123,15.599138710174733,34.6153846153846,0.25122070312500006,pass,general
sampling_feasibility_envelope,ell1_D4.0_L50.0,1,4.0,equivalent_l0_first_zero_diameter,4.0,2.0,4.0,1.5311299636928564,3.0622599273857127,50.0,0.11110491598080227,0.004923348745524406,not_evaluated_sampling_envelope,,,2.0,4.0,,,,,,,not_evaluated_sampling_envelope,True,marginal,bl_asm,downsampled,2,1024,16.0,16.384,7.192249285522129,31.25,pass,0.25122070312500006,10.399425806783155,20.798851613566313,pass,6.666666666666655,600.0,2.6,marginal,6106108.170242552,0.45,,not_evaluated,No propagated volume was supplied; total-power drift and SAS clipping were not evaluated.,True,,15.922254616132163,20.798851613566313,7.500000000000012,0.25122070312500006,pass,general
sampling_feasibility_envelope,ell1_D4.0_L100.0,1,4.0,equivalent_l0_first_zero_diameter,4.0,2.0,4.0,1.5311299636928564,3.0622599273857127,100.0,0.22220899639458336,0.009846697491048812,not_evaluated_sampling_envelope,,,2.0,4.0,,,,,,,not_evaluated_sampling_envelope,True,marginal,bl_asm,downsampled,2,1024,16.0,16.384,8.134498571044258,31.25,pass,0.25122070312500006,10.399425806783155,20.798851613566313,pass,6.666666666666655,600.0,2.6,marginal,6106108.170242552,0.45,,not_evaluated,No propagated volume was supplied; total-power drift and SAS clipping were not evaluated.,True,,15.922254616132163,20.798851613566313,15.000000000000025,0.25122070312500006,pass,general
sampling_feasibility_envelope,ell1_D4.0_L150.0,1,4.0,equivalent_l0_first_zero_diameter,4.0,2.0,4.0,1.5311299636928564,3.0622599273857127,150.0,0.3333114057120248,0.01477004623657322,not_evaluated_sampling_envelope,,,2.0,4.0,,,,,,,not_evaluated_sampling_envelope,True,marginal,bl_asm,downsampled,2,1024,16.0,16.384,9.076747856566387,31.25,pass,0.25122070312500006,10.399425806783155,20.798851613566313,pass,6.666666666666655,600.0,2.6,pass,6106108.170242552,0.45,,not_evaluated,No propagated volume was supplied; total-power drift and SAS clipping were not evaluated.,True,,15.922254616132163,20.798851613566313,22.50000000000004,0.25122070312500006,pass,general
sampling_feasibility_envelope,ell1_D4.0_L300.0,1,4.0,equivalent_l0_first_zero_diameter,4.0,2.0,4.0,1.5311299636928564,3.0622599273857127,300.0,0.6666002531502747,0.02954009247314644,not_evaluated_sampling_envelope,,,2.0,4.0,,,,,,,not_evaluated_sampling_envelope,True,marginal,bl_asm,downsampled,2,1024,16.0,16.384,11.90349571313277,31.25,pass,0.25122070312500006,10.399425806783155,20.798851613566313,pass,8.66666666666667,780.0,2.6,pass,6106108.170242552,0.45,,not_evaluated,No propagated volume was supplied; total-power drift and SAS clipping were not evaluated.,True,,15.922254616132163,20.798851613566313,34.6153846153846,0.25122070312500006,pass,general
sampling_feasibility_envelope,ell1_D4.0_L500.0,1,4.0,equivalent_l0_first_zero_diameter,4.0,2.0,4.0,1.5311299636928564,3.0622599273857127,500.0,1.1109113211028379,0.04923348745524407,not_evaluated_sampling_envelope,,,2.0,4.0,,,,,,,not_evaluated_sampling_envelope,False,marginal,bl_asm,downsampled,2,1024,16.0,16.384,15.672492855221284,31.25,pass,0.25122070312500006,10.399425806783155,20.798851613566313,pass,14.444444444444423,1300.0000000000002,2.6,pass,6106108.170242552,0.45,,not_evaluated,No propagated volume was supplied; total-power drift and SAS clipping were not evaluated.,True,,15.922254616132163,20.798851613566313,34.61538461538467,0.25122070312500006,pass,general
sampling_feasibility_envelope,ell1_D4.0_L800.0,1,4.0,equivalent_l0_first_zero_diameter,4.0,2.0,4.0,1.5311299636928564,3.0622599273857127,800.0,1.7771107929417682,0.0787735799283905,not_evaluated_sampling_envelope,,,2.0,4.0,,,,,,,not_evaluated_sampling_envelope,False,marginal,bl_asm,downsampled,2,1024,16.0,16.384,21.325988568354052,31.25,pass,0.25122070312500006,10.399425806783155,20.798851613566313,pass,23.11111111111112,2080.0,2.6,pass,6106108.170242552,0.45,,not_evaluated,No propagated volume was supplied; total-power drift and SAS clipping were not evaluated.,True,,15.922254616132163,20.798851613566313,34.6153846153846,0.25122070312500006,pass,general
sampling_feasibility_envelope,ell1_D6.0_L50.0,1,6.0,equivalent_l0_first_zero_diameter,6.0,3.0,6.0,2.2966949455392847,4.593389891078569,50.0,0.04938001232646751,0.003282232497016271,not_evaluated_sampling_envelope,,,3.0,6.0,,,,,,,not_evaluated_sampling_envelope,True,marginal,bl_asm,downsampled,2,1024,16.0,16.384,6.668777460232058,31.25,pass,0.25122070312500006,15.599138710174733,31.198277420349466,pass,6.666666666666655,600.0,2.6,marginal,6106108.170242552,0.45,,not_evaluated,No propagated volume was supplied; total-power drift and SAS clipping were not evaluated.,True,,23.883381924198247,31.198277420349466,7.500000000000012,0.25122070312500006,pass,general
sampling_feasibility_envelope,ell1_D6.0_L100.0,1,6.0,equivalent_l0_first_zero_diameter,6.0,3.0,6.0,2.2966949455392847,4.593389891078569,100.0,0.09875995129659283,0.006564464994032542,not_evaluated_sampling_envelope,,,3.0,6.0,,,,,,,not_evaluated_sampling_envelope,True,marginal,bl_asm,downsampled,2,1024,16.0,16.384,7.087554920464115,31.25,pass,0.25122070312500006,15.599138710174733,31.198277420349466,pass,6.666666666666655,600.0,2.6,marginal,6106108.170242552,0.45,,not_evaluated,No propagated volume was supplied; total-power drift and SAS clipping were not evaluated.,True,,23.883381924198247,31.198277420349466,15.000000000000025,0.25122070312500006,pass,general
sampling_feasibility_envelope,ell1_D6.0_L150.0,1,6.0,equivalent_l0_first_zero_diameter,6.0,3.0,6.0,2.2966949455392847,4.593389891078569,150.0,0.14813974355468765,0.009846697491048812,not_evaluated_sampling_envelope,,,3.0,6.0,,,,,,,not_evaluated_sampling_envelope,True,marginal,bl_asm,downsampled,2,1024,16.0,16.384,7.506332380696172,31.25,pass,0.25122070312500006,15.599138710174733,31.198277420349466,pass,6.666666666666655,600.0,2.6,pass,6106108.170242552,0.45,,not_evaluated,No propagated volume was supplied; total-power drift and SAS clipping were not evaluated.,True,,23.883381924198247,31.198277420349466,22.50000000000004,0.25122070312500006,pass,general
sampling_feasibility_envelope,ell1_D6.0_L300.0,1,6.0,equivalent_l0_first_zero_diameter,6.0,3.0,6.0,2.2966949455392847,4.593389891078569,300.0,0.2962775065234433,0.019693394982097625,not_evaluated_sampling_envelope,,,3.0,6.0,,,,,,,not_evaluated_sampling_envelope,True,marginal,bl_asm,downsampled,2,1024,16.0,16.384,8.762664761392344,31.25,pass,0.25122070312500006,15.599138710174733,31.198277420349466,pass,8.66666666666667,780.0,2.6,pass,6106108.170242552,0.45,,not_evaluated,No propagated volume was supplied; total-power drift and SAS clipping were not evaluated.,True,,23.883381924198247,31.198277420349466,34.6153846153846,0.25122070312500006,pass,general
sampling_feasibility_envelope,ell1_D6.0_L500.0,1,6.0,equivalent_l0_first_zero_diameter,6.0,3.0,6.0,2.2966949455392847,4.593389891078569,500.0,0.49378801998603367,0.03282232497016271,not_evaluated_sampling_envelope,,,3.0,6.0,,,,,,,not_evaluated_sampling_envelope,False,marginal,bl_asm,downsampled,2,1024,16.0,16.384,10.43777460232057,31.25,pass,0.25122070312500006,15.599138710174733,31.198277420349466,pass,14.444444444444423,1300.0000000000002,2.6,pass,6106108.170242552,0.45,,not_evaluated,No propagated volume was supplied; total-power drift and SAS clipping were not evaluated.,True,,23.883381924198247,31.198277420349466,34.61538461538467,0.25122070312500006,pass,general
sampling_feasibility_envelope,ell1_D6.0_L800.0,1,6.0,equivalent_l0_first_zero_diameter,6.0,3.0,6.0,2.2966949455392847,4.593389891078569,800.0,0.790030320512193,0.052515719952260335,not_evaluated_sampling_envelope,,,3.0,6.0,,,,,,,not_evaluated_sampling_envelope,False,marginal,bl_asm,downsampled,2,1024,16.0,16.384,12.95043936371291,31.25,pass,0.25122070312500006,15.599138710174733,31.198277420349466,pass,23.11111111111112,2080.0,2.6,pass,6106108.170242552,0.45,,not_evaluated,No propagated volume was supplied; total-power drift and SAS clipping were not evaluated.,True,,23.883381924198247,31.198277420349466,34.6153846153846,0.25122070312500006,pass,general
sampling_feasibility_envelope,ell1_D8.0_L50.0,1,8.0,equivalent_l0_first_zero_diameter,8.0,4.0,8.0,3.0622599273857127,6.1245198547714255,50.0,0.02777626163482729,0.002461674372762203,not_evaluated_sampling_envelope,,,4.0,8.0,,,,,,,not_evaluated_sampling_envelope,False,marginal,bl_asm,downsampled,2,1024,16.0,16.384,6.485562321380533,31.25,pass,0.25122070312500006,20.79885161356631,41.59770322713263,pass,6.666666666666655,600.0,2.6,marginal,6106108.170242552,0.45,,not_evaluated,No propagated volume was supplied; total-power drift and SAS clipping were not evaluated.,True,,31.844509232264326,41.59770322713263,7.500000000000012,0.25122070312500006,pass,general
sampling_feasibility_envelope,ell1_D8.0_L100.0,1,8.0,equivalent_l0_first_zero_diameter,8.0,4.0,8.0,3.0622599273857127,6.1245198547714255,100.0,0.0555525102137818,0.004923348745524406,not_evaluated_sampling_envelope,,,4.0,8.0,,,,,,,not_evaluated_sampling_envelope,False,marginal,bl_asm,downsampled,2,1024,16.0,16.384,6.721124642761065,31.25,pass,0.25122070312500006,20.79885161356631,41.59770322713263,pass,6.666666666666655,600.0,2.6,marginal,6106108.170242552,0.45,,not_evaluated,No propagated volume was supplied; total-power drift and SAS clipping were not evaluated.,True,,31.844509232264326,41.59770322713263,15.000000000000025,0.25122070312500006,pass,general
sampling_feasibility_envelope,ell1_D8.0_L150.0,1,8.0,equivalent_l0_first_zero_diameter,8.0,4.0,8.0,3.0622599273857127,6.1245198547714255,150.0,0.08332873268102757,0.00738502311828661,not_evaluated_sampling_envelope,,,4.0,8.0,,,,,,,not_evaluated_sampling_envelope,False,marginal,bl_asm,downsampled,2,1024,16.0,16.384,6.956686964141597,31.25,pass,0.25122070312500006,20.79885161356631,41.59770322713263,pass,6.666666666666655,600.0,2.6,pass,6106108.170242552,0.45,,not_evaluated,No propagated volume was supplied; total-power drift and SAS clipping were not evaluated.,True,,31.844509232264326,41.59770322713263,22.50000000000004,0.25122070312500006,pass,general
sampling_feasibility_envelope,ell1_D8.0_L300.0,1,8.0,equivalent_l0_first_zero_diameter,8.0,4.0,8.0,3.0622599273857127,6.1245198547714255,300.0,0.16665711285547832,0.01477004623657322,not_evaluated_sampling_envelope,,,4.0,8.0,,,,,,,not_evaluated_sampling_envelope,False,marginal,bl_asm,downsampled,2,1024,16.0,16.384,7.663373928283193,31.25,pass,0.25122070312500006,20.79885161356631,41.59770322713263,pass,8.66666666666667,780.0,2.6,pass,6106108.170242552,0.45,,not_evaluated,No propagated volume was supplied; total-power drift and SAS clipping were not evaluated.,True,,31.844509232264326,41.59770322713263,34.6153846153846,0.25122070312500006,pass,general
sampling_feasibility_envelope,ell1_D8.0_L500.0,1,8.0,equivalent_l0_first_zero_diameter,8.0,4.0,8.0,3.0622599273857127,6.1245198547714255,500.0,0.27776046215842537,0.024616743727622035,not_evaluated_sampling_envelope,,,4.0,8.0,,,,,,,not_evaluated_sampling_envelope,False,marginal,bl_asm,downsampled,2,1024,16.0,16.384,8.605623213805321,31.25,pass,0.25122070312500006,20.79885161356631,41.59770322713263,pass,14.444444444444423,1300.0000000000002,2.6,pass,6106108.170242552,0.45,,not_evaluated,No propagated volume was supplied; total-power drift and SAS clipping were not evaluated.,True,,31.844509232264326,41.59770322713263,34.61538461538467,0.25122070312500006,pass,general
sampling_feasibility_envelope,ell1_D8.0_L800.0,1,8.0,equivalent_l0_first_zero_diameter,8.0,4.0,8.0,3.0622599273857127,6.1245198547714255,800.0,0.44441130847920957,0.03938678996419525,not_evaluated_sampling_envelope,,,4.0,8.0,,,,,,,not_evaluated_sampling_envelope,False,marginal,bl_asm,downsampled,2,1024,16.0,16.384,10.018997142088514,31.25,pass,0.25122070312500006,20.79885161356631,41.59770322713263,pass,23.11111111111112,2080.0,2.6,pass,6106108.170242552,0.45,,not_evaluated,No propagated volume was supplied; total-power drift and SAS clipping were not evaluated.,True,,31.844509232264326,41.59770322713263,34.6153846153846,0.25122070312500006,pass,general
sampling_feasibility_envelope,ell2_D1.0_L50.0,2,1.0,equivalent_l0_first_zero_diameter,1.0,0.5,1.0,0.6349764923549149,1.2699529847098299,50.0,1.7771107929417682,0.019693394982097625,not_evaluated_sampling_envelope,,,0.5,1.0,,,,,,,not_evaluated_sampling_envelope,True,marginal,bl_asm,downsampled,2,1024,16.0,16.384,21.325988568354052,31.25,pass,0.25122070312500006,2.5998564516957887,5.199712903391578,pass,6.666666666666655,600.0,2.6,marginal,6106108.170242552,0.45,,not_evaluated,No propagated volume was supplied; total-power drift and SAS clipping were not evaluated.,True,,3.9805636540330407,5.199712903391578,7.500000000000012,0.25122070312500006,pass,general
sampling_feasibility_envelope,ell2_D1.0_L100.0,2,1.0,equivalent_l0_first_zero_diameter,1.0,0.5,1.0,0.6349764923549149,1.2699529847098299,100.0,3.550808920229982,0.03938678996419525,not_evaluated_sampling_envelope,,,0.5,1.0,,,,,,,not_evaluated_sampling_envelope,True,fail,bl_asm,downsampled,2,1024,16.0,16.384,36.401977136708105,31.25,fail,0.25122070312500006,2.5998564516957887,5.199712903391578,pass,6.666666666666655,600.0,2.6,marginal,6106108.170242552,0.45,,not_evaluated,No propagated volume was supplied; total-power drift and SAS clipping were not evaluated.,True,,3.9805636540330407,5.199712903391578,15.000000000000025,0.25122070312500006,pass,general
sampling_feasibility_envelope,ell2_D1.0_L150.0,2,1.0,equivalent_l0_first_zero_diameter,1.0,0.5,1.0,0.6349764923549149,1.2699529847098299,150.0,5.317720874321809,0.05908018494629288,not_evaluated_sampling_envelope,,,0.5,1.0,,,,,,,not_evaluated_sampling_envelope,True,fail,bl_asm,downsampled,2,1024,16.0,16.384,51.477965705062154,31.25,fail,0.25122070312500006,2.5998564516957887,5.199712903391578,pass,6.666666666666655,600.0,2.6,pass,6106108.170242552,0.45,,not_evaluated,No propagated volume was supplied; total-power drift and SAS clipping were not evaluated.,True,,3.9805636540330407,5.199712903391578,22.50000000000004,0.25122070312500006,pass,general
sampling_feasibility_envelope,ell2_D1.0_L300.0,2,1.0,equivalent_l0_first_zero_diameter,1.0,0.5,1.0,0.6349764923549149,1.2699529847098299,300.0,10.545374703671616,0.11816036989258576,not_evaluated_sampling_envelope,,,0.5,1.0,,,,,,,not_evaluated_sampling_envelope,True,fail,bl_asm,downsampled,2,1024,16.0,16.384,96.70593141012431,31.25,fail,0.25122070312500006,2.5998564516957887,5.199712903391578,pass,8.66666666666667,780.0,2.6,pass,6106108.170242552,0.45,,not_evaluated,No propagated volume was supplied; total-power drift and SAS clipping were not evaluated.,True,,3.9805636540330407,5.199712903391578,34.6153846153846,0.25122070312500006,pass,general
sampling_feasibility_envelope,ell2_D1.0_L500.0,2,1.0,equivalent_l0_first_zero_diameter,1.0,0.5,1.0,0.6349764923549149,1.2699529847098299,500.0,17.237226959853746,0.19693394982097628,not_evaluated_sampling_envelope,,,0.5,1.0,,,,,,,not_evaluated_sampling_envelope,False,fail,bl_asm,downsampled,2,1024,16.0,16.384,157.00988568354055,31.25,fail,0.25122070312500006,2.5998564516957887,5.199712903391578,pass,14.444444444444423,1300.0000000000002,2.6,pass,6106108.170242552,0.45,,not_evaluated,No propagated volume was supplied; total-power drift and SAS clipping were not evaluated.,True,,3.9805636540330407,5.199712903391578,34.61538461538467,0.25122070312500006,pass,general
sampling_feasibility_envelope,ell2_D1.0_L800.0,2,1.0,equivalent_l0_first_zero_diameter,1.0,0.5,1.0,0.6349764923549149,1.2699529847098299,800.0,26.400820097231655,0.315094319713562,not_evaluated_sampling_envelope,,,0.5,1.0,,,,,,,not_evaluated_sampling_envelope,False,fail,bl_asm,downsampled,2,1024,16.0,16.384,247.4658170936648,31.25,fail,0.25122070312500006,2.5998564516957887,5.199712903391578,pass,23.11111111111112,2080.0,2.6,pass,6106108.170242552,0.45,,not_evaluated,No propagated volume was supplied; total-power drift and SAS clipping were not evaluated.,True,,3.9805636540330407,5.199712903391578,34.6153846153846,0.25122070312500006,pass,general
sampling_feasibility_envelope,ell2_D2.0_L50.0,2,2.0,equivalent_l0_first_zero_diameter,2.0,1.0,2.0,1.2699529847098299,2.5399059694196597,50.0,0.44441130847920957,0.009846697491048812,not_evaluated_sampling_envelope,,,1.0,2.0,,,,,,,not_evaluated_sampling_envelope,True,marginal,bl_asm,downsampled,2,1024,16.0,16.384,10.018997142088514,31.25,pass,0.25122070312500006,5.199712903391577,10.399425806783157,pass,6.666666666666655,600.0,2.6,marginal,6106108.170242552,0.45,,not_evaluated,No propagated volume was supplied; total-power drift and SAS clipping were not evaluated.,True,,7.961127308066081,10.399425806783157,7.500000000000012,0.25122070312500006,pass,general
sampling_feasibility_envelope,ell2_D2.0_L100.0,2,2.0,equivalent_l0_first_zero_diameter,2.0,1.0,2.0,1.2699529847098299,2.5399059694196597,100.0,0.888769149716337,0.019693394982097625,not_evaluated_sampling_envelope,,,1.0,2.0,,,,,,,not_evaluated_sampling_envelope,True,marginal,bl_asm,downsampled,2,1024,16.0,16.384,13.787994284177026,31.25,pass,0.25122070312500006,5.199712903391577,10.399425806783157,pass,6.666666666666655,600.0,2.6,marginal,6106108.170242552,0.45,,not_evaluated,No propagated volume was supplied; total-power drift and SAS clipping were not evaluated.,True,,7.961127308066081,10.399425806783157,15.000000000000025,0.25122070312500006,pass,general
sampling_feasibility_envelope,ell2_D2.0_L150.0,2,2.0,equivalent_l0_first_zero_diameter,2.0,1.0,2.0,1.2699529847098299,2.5399059694196597,150.0,1.3330200950551903,0.02954009247314644,not_evaluated_sampling_envelope,,,1.0,2.0,,,,,,,not_evaluated_sampling_envelope,True,marginal,bl_asm,downsampled,2,1024,16.0,16.384,17.55699142626554,31.25,pass,0.25122070312500006,5.199712903391577,10.399425806783157,pass,6.666666666666655,600.0,2.6,pass,6106108.170242552,0.45,,not_evaluated,No propagated volume was supplied; total-power drift and SAS clipping were not evaluated.,True,,7.961127308066081,10.399425806783157,22.50000000000004,0.25122070312500006,pass,general
sampling_feasibility_envelope,ell2_D2.0_L300.0,2,2.0,equivalent_l0_first_zero_diameter,2.0,1.0,2.0,1.2699529847098299,2.5399059694196597,300.0,2.664598655709351,0.05908018494629288,not_evaluated_sampling_envelope,,,1.0,2.0,,,,,,,not_evaluated_sampling_envelope,True,marginal,bl_asm,downsampled,2,1024,16.0,16.384,28.863982852531077,31.25,marginal,0.25122070312500006,5.199712903391577,10.399425806783157,pass,8.66666666666667,780.0,2.6,pass,6106108.170242552,0.45,,not_evaluated,No propagated volume was supplied; total-power drift and SAS clipping were not evaluated.,True,,7.961127308066081,10.399425806783157,34.6153846153846,0.25122070312500006,pass,general
sampling_feasibility_envelope,ell2_D2.0_L500.0,2,2.0,equivalent_l0_first_zero_diameter,2.0,1.0,2.0,1.2699529847098299,2.5399059694196597,500.0,4.4353214309250255,0.09846697491048814,not_evaluated_sampling_envelope,,,1.0,2.0,,,,,,,not_evaluated_sampling_envelope,False,fail,bl_asm,downsampled,2,1024,16.0,16.384,43.939971420885136,31.25,fail,0.25122070312500006,5.199712903391577,10.399425806783157,pass,14.444444444444423,1300.0000000000002,2.6,pass,6106108.170242552,0.45,,not_evaluated,No propagated volume was supplied; total-power drift and SAS clipping were not evaluated.,True,,7.961127308066081,10.399425806783157,34.61538461538467,0.25122070312500006,pass,general
sampling_feasibility_envelope,ell2_D2.0_L800.0,2,2.0,equivalent_l0_first_zero_diameter,2.0,1.0,2.0,1.2699529847098299,2.5399059694196597,800.0,7.074550347369427,0.157547159856781,not_evaluated_sampling_envelope,,,1.0,2.0,,,,,,,not_evaluated_sampling_envelope,False,fail,bl_asm,downsampled,2,1024,16.0,16.384,66.55395427341621,31.25,fail,0.25122070312500006,5.199712903391577,10.399425806783157,pass,23.11111111111112,2080.0,2.6,pass,6106108.170242552,0.45,,not_evaluated,No propagated volume was supplied; total-power drift and SAS clipping were not evaluated.,True,,7.961127308066081,10.399425806783157,34.6153846153846,0.25122070312500006,pass,general
sampling_feasibility_envelope,ell2_D3.0_L50.0,2,3.0,equivalent_l0_first_zero_diameter,3.0,1.5,3.0,1.904929477064745,3.80985895412949,50.0,0.19751931574637122,0.006564464994032542,not_evaluated_sampling_envelope,,,1.5,3.0,,,,,,,not_evaluated_sampling_envelope,True,marginal,bl_asm,downsampled,2,1024,16.0,16.384,7.925109840928228,31.25,pass,0.25122070312500006,7.799569355087367,15.599138710174733,pass,6.666666666666655,600.0,2.6,marginal,6106108.170242552,0.45,,not_evaluated,No propagated volume was supplied; total-power drift and SAS clipping were not evaluated.,True,,11.941690962099123,15.599138710174733,7.500000000000012,0.25122070312500006,pass,general
sampling_feasibility_envelope,ell2_D3.0_L100.0,2,3.0,equivalent_l0_first_zero_diameter,3.0,1.5,3.0,1.904929477064745,3.80985895412949,100.0,0.39503393684376026,0.013128929988065084,not_evaluated_sampling_envelope,,,1.5,3.0,,,,,,,not_evaluated_sampling_envelope,True,marginal,bl_asm,downsampled,2,1024,16.0,16.384,9.600219681856455,31.25,pass,0.25122070312500006,7.799569355087367,15.599138710174733,pass,6.666666666666655,600.0,2.6,marginal,6106108.170242552,0.45,,not_evaluated,No propagated volume was supplied; total-power drift and SAS clipping were not evaluated.,True,,11.941690962099123,15.599138710174733,15.000000000000025,0.25122070312500006,pass,general
sampling_feasibility_envelope,ell2_D3.0_L150.0,2,3.0,equivalent_l0_first_zero_diameter,3.0,1.5,3.0,1.904929477064745,3.80985895412949,150.0,0.5925391693126465,0.019693394982097625,not_evaluated_sampling_envelope,,,1.5,3.0,,,,,,,not_evaluated_sampling_envelope,True,marginal,bl_asm,downsampled,2,1024,16.0,16.384,11.275329522784684,31.25,pass,0.25122070312500006,7.799569355087367,15.599138710174733,pass,6.666666666666655,600.0,2.6,pass,6106108.170242552,0.45,,not_evaluated,No propagated volume was supplied; total-power drift and SAS clipping were not evaluated.,True,,11.941690962099123,15.599138710174733,22.50000000000004,0.25122070312500006,pass,general
sampling_feasibility_envelope,ell2_D3.0_L300.0,2,3.0,equivalent_l0_first_zero_diameter,3.0,1.5,3.0,1.904929477064745,3.80985895412949,300.0,1.184951619245102,0.03938678996419525,not_evaluated_sampling_envelope,,,1.5,3.0,,,,,,,not_evaluated_sampling_envelope,True,marginal,bl_asm,downsampled,2,1024,16.0,16.384,16.30065904556937,31.25,pass,0.25122070312500006,7.799569355087367,15.599138710174733,pass,8.66666666666667,780.0,2.6,pass,6106108.170242552,0.45,,not_evaluated,No propagated volume was supplied; total-power drift and SAS clipping were not evaluated.,True,,11.941690962099123,15.599138710174733,34.6153846153846,0.25122070312500006,pass,general
sampling_feasibility_envelope,ell2_D3.0_L500.0,2,3.0,equivalent_l0_first_zero_diameter,3.0,1.5,3.0,1.904929477064745,3.80985895412949,500.0,1.9744190701859103,0.06564464994032541,not_evaluated_sampling_envelope,,,1.5,3.0,,,,,,,not_evaluated_sampling_envelope,False,marginal,bl_asm,downsampled,2,1024,16.0,16.384,23.001098409282278,31.25,pass,0.25122070312500006,7.799569355087367,15.599138710174733,pass,14.444444444444423,1300.0000000000002,2.6,pass,6106108.170242552,0.45,,not_evaluated,No propagated volume was supplied; total-power drift and SAS clipping were not evaluated.,True,,11.941690962099123,15.599138710174733,34.61538461538467,0.25122070312500006,pass,general
sampling_feasibility_envelope,ell2_D3.0_L800.0,2,3.0,equivalent_l0_first_zero_diameter,3.0,1.5,3.0,1.904929477064745,3.80985895412949,800.0,3.157122414581327,0.10503143990452067,not_evaluated_sampling_envelope,,,1.5,3.0,,,,,,,not_evaluated_sampling_envelope,False,fail,bl_asm,downsampled,2,1024,16.0,16.384,33.05175745485164,31.25,fail,0.25122070312500006,7.799569355087367,15.599138710174733,pass,23.11111111111112,2080.0,2.6,pass,6106108.170242552,0.45,,not_evaluated,No propagated volume was supplied; total-power drift and SAS clipping were not evaluated.,True,,11.941690962099123,15.599138710174733,34.6153846153846,0.25122070312500006,pass,general
sampling_feasibility_envelope,ell2_D4.0_L50.0,2,4.0,equivalent_l0_first_zero_diameter,4.0,2.0,4.0,2.5399059694196597,5.0798119388393195,50.0,0.11110491598080227,0.004923348745524406,not_evaluated_sampling_envelope,,,2.0,4.0,,,,,,,not_evaluated_sampling_envelope,True,marginal,bl_asm,downsampled,2,1024,16.0,16.384,7.192249285522129,31.25,pass,0.25122070312500006,10.399425806783155,20.798851613566313,pass,6.666666666666655,600.0,2.6,marginal,6106108.170242552,0.45,,not_evaluated,No propagated volume was supplied; total-power drift and SAS clipping were not evaluated.,True,,15.922254616132163,20.798851613566313,7.500000000000012,0.25122070312500006,pass,general
sampling_feasibility_envelope,ell2_D4.0_L100.0,2,4.0,equivalent_l0_first_zero_diameter,4.0,2.0,4.0,2.5399059694196597,5.0798119388393195,100.0,0.22220899639458336,0.009846697491048812,not_evaluated_sampling_envelope,,,2.0,4.0,,,,,,,not_evaluated_sampling_envelope,True,marginal,bl_asm,downsampled,2,1024,16.0,16.384,8.134498571044258,31.25,pass,0.25122070312500006,10.399425806783155,20.798851613566313,pass,6.666666666666655,600.0,2.6,marginal,6106108.170242552,0.45,,not_evaluated,No propagated volume was supplied; total-power drift and SAS clipping were not evaluated.,True,,15.922254616132163,20.798851613566313,15.000000000000025,0.25122070312500006,pass,general
sampling_feasibility_envelope,ell2_D4.0_L150.0,2,4.0,equivalent_l0_first_zero_diameter,4.0,2.0,4.0,2.5399059694196597,5.0798119388393195,150.0,0.3333114057120248,0.01477004623657322,not_evaluated_sampling_envelope,,,2.0,4.0,,,,,,,not_evaluated_sampling_envelope,True,marginal,bl_asm,downsampled,2,1024,16.0,16.384,9.076747856566387,31.25,pass,0.25122070312500006,10.399425806783155,20.798851613566313,pass,6.666666666666655,600.0,2.6,pass,6106108.170242552,0.45,,not_evaluated,No propagated volume was supplied; total-power drift and SAS clipping were not evaluated.,True,,15.922254616132163,20.798851613566313,22.50000000000004,0.25122070312500006,pass,general
sampling_feasibility_envelope,ell2_D4.0_L300.0,2,4.0,equivalent_l0_first_zero_diameter,4.0,2.0,4.0,2.5399059694196597,5.0798119388393195,300.0,0.6666002531502747,0.02954009247314644,not_evaluated_sampling_envelope,,,2.0,4.0,,,,,,,not_evaluated_sampling_envelope,True,marginal,bl_asm,downsampled,2,1024,16.0,16.384,11.90349571313277,31.25,pass,0.25122070312500006,10.399425806783155,20.798851613566313,pass,8.66666666666667,780.0,2.6,pass,6106108.170242552,0.45,,not_evaluated,No propagated volume was supplied; total-power drift and SAS clipping were not evaluated.,True,,15.922254616132163,20.798851613566313,34.6153846153846,0.25122070312500006,pass,general
sampling_feasibility_envelope,ell2_D4.0_L500.0,2,4.0,equivalent_l0_first_zero_diameter,4.0,2.0,4.0,2.5399059694196597,5.0798119388393195,500.0,1.1109113211028379,0.04923348745524407,not_evaluated_sampling_envelope,,,2.0,4.0,,,,,,,not_evaluated_sampling_envelope,False,marginal,bl_asm,downsampled,2,1024,16.0,16.384,15.672492855221284,31.25,pass,0.25122070312500006,10.399425806783155,20.798851613566313,pass,14.444444444444423,1300.0000000000002,2.6,pass,6106108.170242552,0.45,,not_evaluated,No propagated volume was supplied; total-power drift and SAS clipping were not evaluated.,True,,15.922254616132163,20.798851613566313,34.61538461538467,0.25122070312500006,pass,general
sampling_feasibility_envelope,ell2_D4.0_L800.0,2,4.0,equivalent_l0_first_zero_diameter,4.0,2.0,4.0,2.5399059694196597,5.0798119388393195,800.0,1.7771107929417682,0.0787735799283905,not_evaluated_sampling_envelope,,,2.0,4.0,,,,,,,not_evaluated_sampling_envelope,False,marginal,bl_asm,downsampled,2,1024,16.0,16.384,21.325988568354052,31.25,pass,0.25122070312500006,10.399425806783155,20.798851613566313,pass,23.11111111111112,2080.0,2.6,pass,6106108.170242552,0.45,,not_evaluated,No propagated volume was supplied; total-power drift and SAS clipping were not evaluated.,True,,15.922254616132163,20.798851613566313,34.6153846153846,0.25122070312500006,pass,general
sampling_feasibility_envelope,ell2_D6.0_L50.0,2,6.0,equivalent_l0_first_zero_diameter,6.0,3.0,6.0,3.80985895412949,7.61971790825898,50.0,0.04938001232646751,0.003282232497016271,not_evaluated_sampling_envelope,,,3.0,6.0,,,,,,,not_evaluated_sampling_envelope,True,marginal,bl_asm,downsampled,2,1024,16.0,16.384,6.668777460232058,31.25,pass,0.25122070312500006,15.599138710174733,31.198277420349466,pass,6.666666666666655,600.0,2.6,marginal,6106108.170242552,0.45,,not_evaluated,No propagated volume was supplied; total-power drift and SAS clipping were not evaluated.,True,,23.883381924198247,31.198277420349466,7.500000000000012,0.25122070312500006,pass,general
sampling_feasibility_envelope,ell2_D6.0_L100.0,2,6.0,equivalent_l0_first_zero_diameter,6.0,3.0,6.0,3.80985895412949,7.61971790825898,100.0,0.09875995129659283,0.006564464994032542,not_evaluated_sampling_envelope,,,3.0,6.0,,,,,,,not_evaluated_sampling_envelope,True,marginal,bl_asm,downsampled,2,1024,16.0,16.384,7.087554920464115,31.25,pass,0.25122070312500006,15.599138710174733,31.198277420349466,pass,6.666666666666655,600.0,2.6,marginal,6106108.170242552,0.45,,not_evaluated,No propagated volume was supplied; total-power drift and SAS clipping were not evaluated.,True,,23.883381924198247,31.198277420349466,15.000000000000025,0.25122070312500006,pass,general
sampling_feasibility_envelope,ell2_D6.0_L150.0,2,6.0,equivalent_l0_first_zero_diameter,6.0,3.0,6.0,3.80985895412949,7.61971790825898,150.0,0.14813974355468765,0.009846697491048812,not_evaluated_sampling_envelope,,,3.0,6.0,,,,,,,not_evaluated_sampling_envelope,True,marginal,bl_asm,downsampled,2,1024,16.0,16.384,7.506332380696172,31.25,pass,0.25122070312500006,15.599138710174733,31.198277420349466,pass,6.666666666666655,600.0,2.6,pass,6106108.170242552,0.45,,not_evaluated,No propagated volume was supplied; total-power drift and SAS clipping were not evaluated.,True,,23.883381924198247,31.198277420349466,22.50000000000004,0.25122070312500006,pass,general
sampling_feasibility_envelope,ell2_D6.0_L300.0,2,6.0,equivalent_l0_first_zero_diameter,6.0,3.0,6.0,3.80985895412949,7.61971790825898,300.0,0.2962775065234433,0.019693394982097625,not_evaluated_sampling_envelope,,,3.0,6.0,,,,,,,not_evaluated_sampling_envelope,True,marginal,bl_asm,downsampled,2,1024,16.0,16.384,8.762664761392344,31.25,pass,0.25122070312500006,15.599138710174733,31.198277420349466,pass,8.66666666666667,780.0,2.6,pass,6106108.170242552,0.45,,not_evaluated,No propagated volume was supplied; total-power drift and SAS clipping were not evaluated.,True,,23.883381924198247,31.198277420349466,34.6153846153846,0.25122070312500006,pass,general
sampling_feasibility_envelope,ell2_D6.0_L500.0,2,6.0,equivalent_l0_first_zero_diameter,6.0,3.0,6.0,3.80985895412949,7.61971790825898,500.0,0.49378801998603367,0.03282232497016271,not_evaluated_sampling_envelope,,,3.0,6.0,,,,,,,not_evaluated_sampling_envelope,False,marginal,bl_asm,downsampled,2,1024,16.0,16.384,10.43777460232057,31.25,pass,0.25122070312500006,15.599138710174733,31.198277420349466,pass,14.444444444444423,1300.0000000000002,2.6,pass,6106108.170242552,0.45,,not_evaluated,No propagated volume was supplied; total-power drift and SAS clipping were not evaluated.,True,,23.883381924198247,31.198277420349466,34.61538461538467,0.25122070312500006,pass,general
sampling_feasibility_envelope,ell2_D6.0_L800.0,2,6.0,equivalent_l0_first_zero_diameter,6.0,3.0,6.0,3.80985895412949,7.61971790825898,800.0,0.790030320512193,0.052515719952260335,not_evaluated_sampling_envelope,,,3.0,6.0,,,,,,,not_evaluated_sampling_envelope,False,marginal,bl_asm,downsampled,2,1024,16.0,16.384,12.95043936371291,31.25,pass,0.25122070312500006,15.599138710174733,31.198277420349466,pass,23.11111111111112,2080.0,2.6,pass,6106108.170242552,0.45,,not_evaluated,No propagated volume was supplied; total-power drift and SAS clipping were not evaluated.,True,,23.883381924198247,31.198277420349466,34.6153846153846,0.25122070312500006,pass,general
sampling_feasibility_envelope,ell2_D8.0_L50.0,2,8.0,equivalent_l0_first_zero_diameter,8.0,4.0,8.0,5.0798119388393195,10.159623877678639,50.0,0.02777626163482729,0.002461674372762203,not_evaluated_sampling_envelope,,,4.0,8.0,,,,,,,not_evaluated_sampling_envelope,False,marginal,bl_asm,downsampled,2,1024,16.0,16.384,6.485562321380533,31.25,pass,0.25122070312500006,20.79885161356631,41.59770322713263,pass,6.666666666666655,600.0,2.6,marginal,6106108.170242552,0.45,,not_evaluated,No propagated volume was supplied; total-power drift and SAS clipping were not evaluated.,True,,31.844509232264326,41.59770322713263,7.500000000000012,0.25122070312500006,pass,general
sampling_feasibility_envelope,ell2_D8.0_L100.0,2,8.0,equivalent_l0_first_zero_diameter,8.0,4.0,8.0,5.0798119388393195,10.159623877678639,100.0,0.0555525102137818,0.004923348745524406,not_evaluated_sampling_envelope,,,4.0,8.0,,,,,,,not_evaluated_sampling_envelope,False,marginal,bl_asm,downsampled,2,1024,16.0,16.384,6.721124642761065,31.25,pass,0.25122070312500006,20.79885161356631,41.59770322713263,pass,6.666666666666655,600.0,2.6,marginal,6106108.170242552,0.45,,not_evaluated,No propagated volume was supplied; total-power drift and SAS clipping were not evaluated.,True,,31.844509232264326,41.59770322713263,15.000000000000025,0.25122070312500006,pass,general
sampling_feasibility_envelope,ell2_D8.0_L150.0,2,8.0,equivalent_l0_first_zero_diameter,8.0,4.0,8.0,5.0798119388393195,10.159623877678639,150.0,0.08332873268102757,0.00738502311828661,not_evaluated_sampling_envelope,,,4.0,8.0,,,,,,,not_evaluated_sampling_envelope,False,marginal,bl_asm,downsampled,2,1024,16.0,16.384,6.956686964141597,31.25,pass,0.25122070312500006,20.79885161356631,41.59770322713263,pass,6.666666666666655,600.0,2.6,pass,6106108.170242552,0.45,,not_evaluated,No propagated volume was supplied; total-power drift and SAS clipping were not evaluated.,True,,31.844509232264326,41.59770322713263,22.50000000000004,0.25122070312500006,pass,general
sampling_feasibility_envelope,ell2_D8.0_L300.0,2,8.0,equivalent_l0_first_zero_diameter,8.0,4.0,8.0,5.0798119388393195,10.159623877678639,300.0,0.16665711285547832,0.01477004623657322,not_evaluated_sampling_envelope,,,4.0,8.0,,,,,,,not_evaluated_sampling_envelope,False,marginal,bl_asm,downsampled,2,1024,16.0,16.384,7.663373928283193,31.25,pass,0.25122070312500006,20.79885161356631,41.59770322713263,pass,8.66666666666667,780.0,2.6,pass,6106108.170242552,0.45,,not_evaluated,No propagated volume was supplied; total-power drift and SAS clipping were not evaluated.,True,,31.844509232264326,41.59770322713263,34.6153846153846,0.25122070312500006,pass,general
sampling_feasibility_envelope,ell2_D8.0_L500.0,2,8.0,equivalent_l0_first_zero_diameter,8.0,4.0,8.0,5.0798119388393195,10.159623877678639,500.0,0.27776046215842537,0.024616743727622035,not_evaluated_sampling_envelope,,,4.0,8.0,,,,,,,not_evaluated_sampling_envelope,False,marginal,bl_asm,downsampled,2,1024,16.0,16.384,8.605623213805321,31.25,pass,0.25122070312500006,20.79885161356631,41.59770322713263,pass,14.444444444444423,1300.0000000000002,2.6,pass,6106108.170242552,0.45,,not_evaluated,No propagated volume was supplied; total-power drift and SAS clipping were not evaluated.,True,,31.844509232264326,41.59770322713263,34.61538461538467,0.25122070312500006,pass,general
sampling_feasibility_envelope,ell2_D8.0_L800.0,2,8.0,equivalent_l0_first_zero_diameter,8.0,4.0,8.0,5.0798119388393195,10.159623877678639,800.0,0.44441130847920957,0.03938678996419525,not_evaluated_sampling_envelope,,,4.0,8.0,,,,,,,not_evaluated_sampling_envelope,False,marginal,bl_asm,downsampled,2,1024,16.0,16.384,10.018997142088514,31.25,pass,0.25122070312500006,20.79885161356631,41.59770322713263,pass,23.11111111111112,2080.0,2.6,pass,6106108.170242552,0.45,,not_evaluated,No propagated volume was supplied; total-power drift and SAS clipping were not evaluated.,True,,31.844509232264326,41.59770322713263,34.6153846153846,0.25122070312500006,pass,general
sampling_feasibility_envelope,ell3_D1.0_L50.0,3,1.0,equivalent_l0_first_zero_diameter,1.0,0.5,1.0,0.8734280543057232,1.7468561086114465,50.0,1.7771107929417682,0.019693394982097625,not_evaluated_sampling_envelope,,,0.5,1.0,,,,,,,not_evaluated_sampling_envelope,True,marginal,bl_asm,downsampled,2,1024,16.0,16.384,21.325988568354052,31.25,pass,0.25122070312500006,2.5998564516957887,5.199712903391578,pass,6.666666666666655,600.0,2.6,marginal,6106108.170242552,0.45,,not_evaluated,No propagated volume was supplied; total-power drift and SAS clipping were not evaluated.,True,,3.9805636540330407,5.199712903391578,7.500000000000012,0.25122070312500006,pass,general
sampling_feasibility_envelope,ell3_D1.0_L100.0,3,1.0,equivalent_l0_first_zero_diameter,1.0,0.5,1.0,0.8734280543057232,1.7468561086114465,100.0,3.550808920229982,0.03938678996419525,not_evaluated_sampling_envelope,,,0.5,1.0,,,,,,,not_evaluated_sampling_envelope,True,fail,bl_asm,downsampled,2,1024,16.0,16.384,36.401977136708105,31.25,fail,0.25122070312500006,2.5998564516957887,5.199712903391578,pass,6.666666666666655,600.0,2.6,marginal,6106108.170242552,0.45,,not_evaluated,No propagated volume was supplied; total-power drift and SAS clipping were not evaluated.,True,,3.9805636540330407,5.199712903391578,15.000000000000025,0.25122070312500006,pass,general
sampling_feasibility_envelope,ell3_D1.0_L150.0,3,1.0,equivalent_l0_first_zero_diameter,1.0,0.5,1.0,0.8734280543057232,1.7468561086114465,150.0,5.317720874321809,0.05908018494629288,not_evaluated_sampling_envelope,,,0.5,1.0,,,,,,,not_evaluated_sampling_envelope,True,fail,bl_asm,downsampled,2,1024,16.0,16.384,51.477965705062154,31.25,fail,0.25122070312500006,2.5998564516957887,5.199712903391578,pass,6.666666666666655,600.0,2.6,pass,6106108.170242552,0.45,,not_evaluated,No propagated volume was supplied; total-power drift and SAS clipping were not evaluated.,True,,3.9805636540330407,5.199712903391578,22.50000000000004,0.25122070312500006,pass,general
sampling_feasibility_envelope,ell3_D1.0_L300.0,3,1.0,equivalent_l0_first_zero_diameter,1.0,0.5,1.0,0.8734280543057232,1.7468561086114465,300.0,10.545374703671616,0.11816036989258576,not_evaluated_sampling_envelope,,,0.5,1.0,,,,,,,not_evaluated_sampling_envelope,True,fail,bl_asm,downsampled,2,1024,16.0,16.384,96.70593141012431,31.25,fail,0.25122070312500006,2.5998564516957887,5.199712903391578,pass,8.66666666666667,780.0,2.6,pass,6106108.170242552,0.45,,not_evaluated,No propagated volume was supplied; total-power drift and SAS clipping were not evaluated.,True,,3.9805636540330407,5.199712903391578,34.6153846153846,0.25122070312500006,pass,general
sampling_feasibility_envelope,ell3_D1.0_L500.0,3,1.0,equivalent_l0_first_zero_diameter,1.0,0.5,1.0,0.8734280543057232,1.7468561086114465,500.0,17.237226959853746,0.19693394982097628,not_evaluated_sampling_envelope,,,0.5,1.0,,,,,,,not_evaluated_sampling_envelope,False,fail,bl_asm,downsampled,2,1024,16.0,16.384,157.00988568354055,31.25,fail,0.25122070312500006,2.5998564516957887,5.199712903391578,pass,14.444444444444423,1300.0000000000002,2.6,pass,6106108.170242552,0.45,,not_evaluated,No propagated volume was supplied; total-power drift and SAS clipping were not evaluated.,True,,3.9805636540330407,5.199712903391578,34.61538461538467,0.25122070312500006,pass,general
sampling_feasibility_envelope,ell3_D1.0_L800.0,3,1.0,equivalent_l0_first_zero_diameter,1.0,0.5,1.0,0.8734280543057232,1.7468561086114465,800.0,26.400820097231655,0.315094319713562,not_evaluated_sampling_envelope,,,0.5,1.0,,,,,,,not_evaluated_sampling_envelope,False,fail,bl_asm,downsampled,2,1024,16.0,16.384,247.4658170936648,31.25,fail,0.25122070312500006,2.5998564516957887,5.199712903391578,pass,23.11111111111112,2080.0,2.6,pass,6106108.170242552,0.45,,not_evaluated,No propagated volume was supplied; total-power drift and SAS clipping were not evaluated.,True,,3.9805636540330407,5.199712903391578,34.6153846153846,0.25122070312500006,pass,general
sampling_feasibility_envelope,ell3_D2.0_L50.0,3,2.0,equivalent_l0_first_zero_diameter,2.0,1.0,2.0,1.7468561086114465,3.493712217222893,50.0,0.44441130847920957,0.009846697491048812,not_evaluated_sampling_envelope,,,1.0,2.0,,,,,,,not_evaluated_sampling_envelope,True,marginal,bl_asm,downsampled,2,1024,16.0,16.384,10.018997142088514,31.25,pass,0.25122070312500006,5.199712903391577,10.399425806783157,pass,6.666666666666655,600.0,2.6,marginal,6106108.170242552,0.45,,not_evaluated,No propagated volume was supplied; total-power drift and SAS clipping were not evaluated.,True,,7.961127308066081,10.399425806783157,7.500000000000012,0.25122070312500006,pass,general
sampling_feasibility_envelope,ell3_D2.0_L100.0,3,2.0,equivalent_l0_first_zero_diameter,2.0,1.0,2.0,1.7468561086114465,3.493712217222893,100.0,0.888769149716337,0.019693394982097625,not_evaluated_sampling_envelope,,,1.0,2.0,,,,,,,not_evaluated_sampling_envelope,True,marginal,bl_asm,downsampled,2,1024,16.0,16.384,13.787994284177026,31.25,pass,0.25122070312500006,5.199712903391577,10.399425806783157,pass,6.666666666666655,600.0,2.6,marginal,6106108.170242552,0.45,,not_evaluated,No propagated volume was supplied; total-power drift and SAS clipping were not evaluated.,True,,7.961127308066081,10.399425806783157,15.000000000000025,0.25122070312500006,pass,general
sampling_feasibility_envelope,ell3_D2.0_L150.0,3,2.0,equivalent_l0_first_zero_diameter,2.0,1.0,2.0,1.7468561086114465,3.493712217222893,150.0,1.3330200950551903,0.02954009247314644,not_evaluated_sampling_envelope,,,1.0,2.0,,,,,,,not_evaluated_sampling_envelope,True,marginal,bl_asm,downsampled,2,1024,16.0,16.384,17.55699142626554,31.25,pass,0.25122070312500006,5.199712903391577,10.399425806783157,pass,6.666666666666655,600.0,2.6,pass,6106108.170242552,0.45,,not_evaluated,No propagated volume was supplied; total-power drift and SAS clipping were not evaluated.,True,,7.961127308066081,10.399425806783157,22.50000000000004,0.25122070312500006,pass,general
sampling_feasibility_envelope,ell3_D2.0_L300.0,3,2.0,equivalent_l0_first_zero_diameter,2.0,1.0,2.0,1.7468561086114465,3.493712217222893,300.0,2.664598655709351,0.05908018494629288,not_evaluated_sampling_envelope,,,1.0,2.0,,,,,,,not_evaluated_sampling_envelope,True,marginal,bl_asm,downsampled,2,1024,16.0,16.384,28.863982852531077,31.25,marginal,0.25122070312500006,5.199712903391577,10.399425806783157,pass,8.66666666666667,780.0,2.6,pass,6106108.170242552,0.45,,not_evaluated,No propagated volume was supplied; total-power drift and SAS clipping were not evaluated.,True,,7.961127308066081,10.399425806783157,34.6153846153846,0.25122070312500006,pass,general
sampling_feasibility_envelope,ell3_D2.0_L500.0,3,2.0,equivalent_l0_first_zero_diameter,2.0,1.0,2.0,1.7468561086114465,3.493712217222893,500.0,4.4353214309250255,0.09846697491048814,not_evaluated_sampling_envelope,,,1.0,2.0,,,,,,,not_evaluated_sampling_envelope,False,fail,bl_asm,downsampled,2,1024,16.0,16.384,43.939971420885136,31.25,fail,0.25122070312500006,5.199712903391577,10.399425806783157,pass,14.444444444444423,1300.0000000000002,2.6,pass,6106108.170242552,0.45,,not_evaluated,No propagated volume was supplied; total-power drift and SAS clipping were not evaluated.,True,,7.961127308066081,10.399425806783157,34.61538461538467,0.25122070312500006,pass,general
sampling_feasibility_envelope,ell3_D2.0_L800.0,3,2.0,equivalent_l0_first_zero_diameter,2.0,1.0,2.0,1.7468561086114465,3.493712217222893,800.0,7.074550347369427,0.157547159856781,not_evaluated_sampling_envelope,,,1.0,2.0,,,,,,,not_evaluated_sampling_envelope,False,fail,bl_asm,downsampled,2,1024,16.0,16.384,66.55395427341621,31.25,fail,0.25122070312500006,5.199712903391577,10.399425806783157,pass,23.11111111111112,2080.0,2.6,pass,6106108.170242552,0.45,,not_evaluated,No propagated volume was supplied; total-power drift and SAS clipping were not evaluated.,True,,7.961127308066081,10.399425806783157,34.6153846153846,0.25122070312500006,pass,general
sampling_feasibility_envelope,ell3_D3.0_L50.0,3,3.0,equivalent_l0_first_zero_diameter,3.0,1.5,3.0,2.6202841629171694,5.240568325834339,50.0,0.19751931574637122,0.006564464994032542,not_evaluated_sampling_envelope,,,1.5,3.0,,,,,,,not_evaluated_sampling_envelope,True,marginal,bl_asm,downsampled,2,1024,16.0,16.384,7.925109840928228,31.25,pass,0.25122070312500006,7.799569355087367,15.599138710174733,pass,6.666666666666655,600.0,2.6,marginal,6106108.170242552,0.45,,not_evaluated,No propagated volume was supplied; total-power drift and SAS clipping were not evaluated.,True,,11.941690962099123,15.599138710174733,7.500000000000012,0.25122070312500006,pass,general
sampling_feasibility_envelope,ell3_D3.0_L100.0,3,3.0,equivalent_l0_first_zero_diameter,3.0,1.5,3.0,2.6202841629171694,5.240568325834339,100.0,0.39503393684376026,0.013128929988065084,not_evaluated_sampling_envelope,,,1.5,3.0,,,,,,,not_evaluated_sampling_envelope,True,marginal,bl_asm,downsampled,2,1024,16.0,16.384,9.600219681856455,31.25,pass,0.25122070312500006,7.799569355087367,15.599138710174733,pass,6.666666666666655,600.0,2.6,marginal,6106108.170242552,0.45,,not_evaluated,No propagated volume was supplied; total-power drift and SAS clipping were not evaluated.,True,,11.941690962099123,15.599138710174733,15.000000000000025,0.25122070312500006,pass,general
sampling_feasibility_envelope,ell3_D3.0_L150.0,3,3.0,equivalent_l0_first_zero_diameter,3.0,1.5,3.0,2.6202841629171694,5.240568325834339,150.0,0.5925391693126465,0.019693394982097625,not_evaluated_sampling_envelope,,,1.5,3.0,,,,,,,not_evaluated_sampling_envelope,True,marginal,bl_asm,downsampled,2,1024,16.0,16.384,11.275329522784684,31.25,pass,0.25122070312500006,7.799569355087367,15.599138710174733,pass,6.666666666666655,600.0,2.6,pass,6106108.170242552,0.45,,not_evaluated,No propagated volume was supplied; total-power drift and SAS clipping were not evaluated.,True,,11.941690962099123,15.599138710174733,22.50000000000004,0.25122070312500006,pass,general
sampling_feasibility_envelope,ell3_D3.0_L300.0,3,3.0,equivalent_l0_first_zero_diameter,3.0,1.5,3.0,2.6202841629171694,5.240568325834339,300.0,1.184951619245102,0.03938678996419525,not_evaluated_sampling_envelope,,,1.5,3.0,,,,,,,not_evaluated_sampling_envelope,True,marginal,bl_asm,downsampled,2,1024,16.0,16.384,16.30065904556937,31.25,pass,0.25122070312500006,7.799569355087367,15.599138710174733,pass,8.66666666666667,780.0,2.6,pass,6106108.170242552,0.45,,not_evaluated,No propagated volume was supplied; total-power drift and SAS clipping were not evaluated.,True,,11.941690962099123,15.599138710174733,34.6153846153846,0.25122070312500006,pass,general
sampling_feasibility_envelope,ell3_D3.0_L500.0,3,3.0,equivalent_l0_first_zero_diameter,3.0,1.5,3.0,2.6202841629171694,5.240568325834339,500.0,1.9744190701859103,0.06564464994032541,not_evaluated_sampling_envelope,,,1.5,3.0,,,,,,,not_evaluated_sampling_envelope,False,marginal,bl_asm,downsampled,2,1024,16.0,16.384,23.001098409282278,31.25,pass,0.25122070312500006,7.799569355087367,15.599138710174733,pass,14.444444444444423,1300.0000000000002,2.6,pass,6106108.170242552,0.45,,not_evaluated,No propagated volume was supplied; total-power drift and SAS clipping were not evaluated.,True,,11.941690962099123,15.599138710174733,34.61538461538467,0.25122070312500006,pass,general
sampling_feasibility_envelope,ell3_D3.0_L800.0,3,3.0,equivalent_l0_first_zero_diameter,3.0,1.5,3.0,2.6202841629171694,5.240568325834339,800.0,3.157122414581327,0.10503143990452067,not_evaluated_sampling_envelope,,,1.5,3.0,,,,,,,not_evaluated_sampling_envelope,False,fail,bl_asm,downsampled,2,1024,16.0,16.384,33.05175745485164,31.25,fail,0.25122070312500006,7.799569355087367,15.599138710174733,pass,23.11111111111112,2080.0,2.6,pass,6106108.170242552,0.45,,not_evaluated,No propagated volume was supplied; total-power drift and SAS clipping were not evaluated.,True,,11.941690962099123,15.599138710174733,34.6153846153846,0.25122070312500006,pass,general
sampling_feasibility_envelope,ell3_D4.0_L50.0,3,4.0,equivalent_l0_first_zero_diameter,4.0,2.0,4.0,3.493712217222893,6.987424434445786,50.0,0.11110491598080227,0.004923348745524406,not_evaluated_sampling_envelope,,,2.0,4.0,,,,,,,not_evaluated_sampling_envelope,True,marginal,bl_asm,downsampled,2,1024,16.0,16.384,7.192249285522129,31.25,pass,0.25122070312500006,10.399425806783155,20.798851613566313,pass,6.666666666666655,600.0,2.6,marginal,6106108.170242552,0.45,,not_evaluated,No propagated volume was supplied; total-power drift and SAS clipping were not evaluated.,True,,15.922254616132163,20.798851613566313,7.500000000000012,0.25122070312500006,pass,general
sampling_feasibility_envelope,ell3_D4.0_L100.0,3,4.0,equivalent_l0_first_zero_diameter,4.0,2.0,4.0,3.493712217222893,6.987424434445786,100.0,0.22220899639458336,0.009846697491048812,not_evaluated_sampling_envelope,,,2.0,4.0,,,,,,,not_evaluated_sampling_envelope,True,marginal,bl_asm,downsampled,2,1024,16.0,16.384,8.134498571044258,31.25,pass,0.25122070312500006,10.399425806783155,20.798851613566313,pass,6.666666666666655,600.0,2.6,marginal,6106108.170242552,0.45,,not_evaluated,No propagated volume was supplied; total-power drift and SAS clipping were not evaluated.,True,,15.922254616132163,20.798851613566313,15.000000000000025,0.25122070312500006,pass,general
sampling_feasibility_envelope,ell3_D4.0_L150.0,3,4.0,equivalent_l0_first_zero_diameter,4.0,2.0,4.0,3.493712217222893,6.987424434445786,150.0,0.3333114057120248,0.01477004623657322,not_evaluated_sampling_envelope,,,2.0,4.0,,,,,,,not_evaluated_sampling_envelope,True,marginal,bl_asm,downsampled,2,1024,16.0,16.384,9.076747856566387,31.25,pass,0.25122070312500006,10.399425806783155,20.798851613566313,pass,6.666666666666655,600.0,2.6,pass,6106108.170242552,0.45,,not_evaluated,No propagated volume was supplied; total-power drift and SAS clipping were not evaluated.,True,,15.922254616132163,20.798851613566313,22.50000000000004,0.25122070312500006,pass,general
sampling_feasibility_envelope,ell3_D4.0_L300.0,3,4.0,equivalent_l0_first_zero_diameter,4.0,2.0,4.0,3.493712217222893,6.987424434445786,300.0,0.6666002531502747,0.02954009247314644,not_evaluated_sampling_envelope,,,2.0,4.0,,,,,,,not_evaluated_sampling_envelope,True,marginal,bl_asm,downsampled,2,1024,16.0,16.384,11.90349571313277,31.25,pass,0.25122070312500006,10.399425806783155,20.798851613566313,pass,8.66666666666667,780.0,2.6,pass,6106108.170242552,0.45,,not_evaluated,No propagated volume was supplied; total-power drift and SAS clipping were not evaluated.,True,,15.922254616132163,20.798851613566313,34.6153846153846,0.25122070312500006,pass,general
sampling_feasibility_envelope,ell3_D4.0_L500.0,3,4.0,equivalent_l0_first_zero_diameter,4.0,2.0,4.0,3.493712217222893,6.987424434445786,500.0,1.1109113211028379,0.04923348745524407,not_evaluated_sampling_envelope,,,2.0,4.0,,,,,,,not_evaluated_sampling_envelope,False,marginal,bl_asm,downsampled,2,1024,16.0,16.384,15.672492855221284,31.25,pass,0.25122070312500006,10.399425806783155,20.798851613566313,pass,14.444444444444423,1300.0000000000002,2.6,pass,6106108.170242552,0.45,,not_evaluated,No propagated volume was supplied; total-power drift and SAS clipping were not evaluated.,True,,15.922254616132163,20.798851613566313,34.61538461538467,0.25122070312500006,pass,general
sampling_feasibility_envelope,ell3_D4.0_L800.0,3,4.0,equivalent_l0_first_zero_diameter,4.0,2.0,4.0,3.493712217222893,6.987424434445786,800.0,1.7771107929417682,0.0787735799283905,not_evaluated_sampling_envelope,,,2.0,4.0,,,,,,,not_evaluated_sampling_envelope,False,marginal,bl_asm,downsampled,2,1024,16.0,16.384,21.325988568354052,31.25,pass,0.25122070312500006,10.399425806783155,20.798851613566313,pass,23.11111111111112,2080.0,2.6,pass,6106108.170242552,0.45,,not_evaluated,No propagated volume was supplied; total-power drift and SAS clipping were not evaluated.,True,,15.922254616132163,20.798851613566313,34.6153846153846,0.25122070312500006,pass,general
sampling_feasibility_envelope,ell3_D6.0_L50.0,3,6.0,equivalent_l0_first_zero_diameter,6.0,3.0,6.0,5.240568325834339,10.481136651668677,50.0,0.04938001232646751,0.003282232497016271,not_evaluated_sampling_envelope,,,3.0,6.0,,,,,,,not_evaluated_sampling_envelope,True,marginal,bl_asm,downsampled,2,1024,16.0,16.384,6.668777460232058,31.25,pass,0.25122070312500006,15.599138710174733,31.198277420349466,pass,6.666666666666655,600.0,2.6,marginal,6106108.170242552,0.45,,not_evaluated,No propagated volume was supplied; total-power drift and SAS clipping were not evaluated.,True,,23.883381924198247,31.198277420349466,7.500000000000012,0.25122070312500006,pass,general
sampling_feasibility_envelope,ell3_D6.0_L100.0,3,6.0,equivalent_l0_first_zero_diameter,6.0,3.0,6.0,5.240568325834339,10.481136651668677,100.0,0.09875995129659283,0.006564464994032542,not_evaluated_sampling_envelope,,,3.0,6.0,,,,,,,not_evaluated_sampling_envelope,True,marginal,bl_asm,downsampled,2,1024,16.0,16.384,7.087554920464115,31.25,pass,0.25122070312500006,15.599138710174733,31.198277420349466,pass,6.666666666666655,600.0,2.6,marginal,6106108.170242552,0.45,,not_evaluated,No propagated volume was supplied; total-power drift and SAS clipping were not evaluated.,True,,23.883381924198247,31.198277420349466,15.000000000000025,0.25122070312500006,pass,general
sampling_feasibility_envelope,ell3_D6.0_L150.0,3,6.0,equivalent_l0_first_zero_diameter,6.0,3.0,6.0,5.240568325834339,10.481136651668677,150.0,0.14813974355468765,0.009846697491048812,not_evaluated_sampling_envelope,,,3.0,6.0,,,,,,,not_evaluated_sampling_envelope,True,marginal,bl_asm,downsampled,2,1024,16.0,16.384,7.506332380696172,31.25,pass,0.25122070312500006,15.599138710174733,31.198277420349466,pass,6.666666666666655,600.0,2.6,pass,6106108.170242552,0.45,,not_evaluated,No propagated volume was supplied; total-power drift and SAS clipping were not evaluated.,True,,23.883381924198247,31.198277420349466,22.50000000000004,0.25122070312500006,pass,general
sampling_feasibility_envelope,ell3_D6.0_L300.0,3,6.0,equivalent_l0_first_zero_diameter,6.0,3.0,6.0,5.240568325834339,10.481136651668677,300.0,0.2962775065234433,0.019693394982097625,not_evaluated_sampling_envelope,,,3.0,6.0,,,,,,,not_evaluated_sampling_envelope,True,marginal,bl_asm,downsampled,2,1024,16.0,16.384,8.762664761392344,31.25,pass,0.25122070312500006,15.599138710174733,31.198277420349466,pass,8.66666666666667,780.0,2.6,pass,6106108.170242552,0.45,,not_evaluated,No propagated volume was supplied; total-power drift and SAS clipping were not evaluated.,True,,23.883381924198247,31.198277420349466,34.6153846153846,0.25122070312500006,pass,general
sampling_feasibility_envelope,ell3_D6.0_L500.0,3,6.0,equivalent_l0_first_zero_diameter,6.0,3.0,6.0,5.240568325834339,10.481136651668677,500.0,0.49378801998603367,0.03282232497016271,not_evaluated_sampling_envelope,,,3.0,6.0,,,,,,,not_evaluated_sampling_envelope,False,marginal,bl_asm,downsampled,2,1024,16.0,16.384,10.43777460232057,31.25,pass,0.25122070312500006,15.599138710174733,31.198277420349466,pass,14.444444444444423,1300.0000000000002,2.6,pass,6106108.170242552,0.45,,not_evaluated,No propagated volume was supplied; total-power drift and SAS clipping were not evaluated.,True,,23.883381924198247,31.198277420349466,34.61538461538467,0.25122070312500006,pass,general
sampling_feasibility_envelope,ell3_D6.0_L800.0,3,6.0,equivalent_l0_first_zero_diameter,6.0,3.0,6.0,5.240568325834339,10.481136651668677,800.0,0.790030320512193,0.052515719952260335,not_evaluated_sampling_envelope,,,3.0,6.0,,,,,,,not_evaluated_sampling_envelope,False,marginal,bl_asm,downsampled,2,1024,16.0,16.384,12.95043936371291,31.25,pass,0.25122070312500006,15.599138710174733,31.198277420349466,pass,23.11111111111112,2080.0,2.6,pass,6106108.170242552,0.45,,not_evaluated,No propagated volume was supplied; total-power drift and SAS clipping were not evaluated.,True,,23.883381924198247,31.198277420349466,34.6153846153846,0.25122070312500006,pass,general
sampling_feasibility_envelope,ell3_D8.0_L50.0,3,8.0,equivalent_l0_first_zero_diameter,8.0,4.0,8.0,6.987424434445786,13.974848868891572,50.0,0.02777626163482729,0.002461674372762203,not_evaluated_sampling_envelope,,,4.0,8.0,,,,,,,not_evaluated_sampling_envelope,False,marginal,bl_asm,downsampled,2,1024,16.0,16.384,6.485562321380533,31.25,pass,0.25122070312500006,20.79885161356631,41.59770322713263,pass,6.666666666666655,600.0,2.6,marginal,6106108.170242552,0.45,,not_evaluated,No propagated volume was supplied; total-power drift and SAS clipping were not evaluated.,True,,31.844509232264326,41.59770322713263,7.500000000000012,0.25122070312500006,pass,general
sampling_feasibility_envelope,ell3_D8.0_L100.0,3,8.0,equivalent_l0_first_zero_diameter,8.0,4.0,8.0,6.987424434445786,13.974848868891572,100.0,0.0555525102137818,0.004923348745524406,not_evaluated_sampling_envelope,,,4.0,8.0,,,,,,,not_evaluated_sampling_envelope,False,marginal,bl_asm,downsampled,2,1024,16.0,16.384,6.721124642761065,31.25,pass,0.25122070312500006,20.79885161356631,41.59770322713263,pass,6.666666666666655,600.0,2.6,marginal,6106108.170242552,0.45,,not_evaluated,No propagated volume was supplied; total-power drift and SAS clipping were not evaluated.,True,,31.844509232264326,41.59770322713263,15.000000000000025,0.25122070312500006,pass,general
sampling_feasibility_envelope,ell3_D8.0_L150.0,3,8.0,equivalent_l0_first_zero_diameter,8.0,4.0,8.0,6.987424434445786,13.974848868891572,150.0,0.08332873268102757,0.00738502311828661,not_evaluated_sampling_envelope,,,4.0,8.0,,,,,,,not_evaluated_sampling_envelope,False,marginal,bl_asm,downsampled,2,1024,16.0,16.384,6.956686964141597,31.25,pass,0.25122070312500006,20.79885161356631,41.59770322713263,pass,6.666666666666655,600.0,2.6,pass,6106108.170242552,0.45,,not_evaluated,No propagated volume was supplied; total-power drift and SAS clipping were not evaluated.,True,,31.844509232264326,41.59770322713263,22.50000000000004,0.25122070312500006,pass,general
sampling_feasibility_envelope,ell3_D8.0_L300.0,3,8.0,equivalent_l0_first_zero_diameter,8.0,4.0,8.0,6.987424434445786,13.974848868891572,300.0,0.16665711285547832,0.01477004623657322,not_evaluated_sampling_envelope,,,4.0,8.0,,,,,,,not_evaluated_sampling_envelope,False,marginal,bl_asm,downsampled,2,1024,16.0,16.384,7.663373928283193,31.25,pass,0.25122070312500006,20.79885161356631,41.59770322713263,pass,8.66666666666667,780.0,2.6,pass,6106108.170242552,0.45,,not_evaluated,No propagated volume was supplied; total-power drift and SAS clipping were not evaluated.,True,,31.844509232264326,41.59770322713263,34.6153846153846,0.25122070312500006,pass,general
sampling_feasibility_envelope,ell3_D8.0_L500.0,3,8.0,equivalent_l0_first_zero_diameter,8.0,4.0,8.0,6.987424434445786,13.974848868891572,500.0,0.27776046215842537,0.024616743727622035,not_evaluated_sampling_envelope,,,4.0,8.0,,,,,,,not_evaluated_sampling_envelope,False,marginal,bl_asm,downsampled,2,1024,16.0,16.384,8.605623213805321,31.25,pass,0.25122070312500006,20.79885161356631,41.59770322713263,pass,14.444444444444423,1300.0000000000002,2.6,pass,6106108.170242552,0.45,,not_evaluated,No propagated volume was supplied; total-power drift and SAS clipping were not evaluated.,True,,31.844509232264326,41.59770322713263,34.61538461538467,0.25122070312500006,pass,general
sampling_feasibility_envelope,ell3_D8.0_L800.0,3,8.0,equivalent_l0_first_zero_diameter,8.0,4.0,8.0,6.987424434445786,13.974848868891572,800.0,0.44441130847920957,0.03938678996419525,not_evaluated_sampling_envelope,,,4.0,8.0,,,,,,,not_evaluated_sampling_envelope,False,marginal,bl_asm,downsampled,2,1024,16.0,16.384,10.018997142088514,31.25,pass,0.25122070312500006,20.79885161356631,41.59770322713263,pass,23.11111111111112,2080.0,2.6,pass,6106108.170242552,0.45,,not_evaluated,No propagated volume was supplied; total-power drift and SAS clipping were not evaluated.,True,,31.844509232264326,41.59770322713263,34.6153846153846,0.25122070312500006,pass,general
sampling_feasibility_envelope,ell5_D1.0_L50.0,5,1.0,equivalent_l0_first_zero_diameter,1.0,0.5,1.0,1.3338079783160584,2.6676159566321167,50.0,1.7771107929417682,0.019693394982097625,not_evaluated_sampling_envelope,,,0.5,1.0,,,,,,,not_evaluated_sampling_envelope,True,marginal,bl_asm,downsampled,2,1024,16.0,16.384,21.325988568354052,31.25,pass,0.25122070312500006,2.5998564516957887,5.199712903391578,pass,6.666666666666655,600.0,2.6,marginal,6106108.170242552,0.45,,not_evaluated,No propagated volume was supplied; total-power drift and SAS clipping were not evaluated.,True,,3.9805636540330407,5.199712903391578,7.500000000000012,0.25122070312500006,pass,general
sampling_feasibility_envelope,ell5_D1.0_L100.0,5,1.0,equivalent_l0_first_zero_diameter,1.0,0.5,1.0,1.3338079783160584,2.6676159566321167,100.0,3.550808920229982,0.03938678996419525,not_evaluated_sampling_envelope,,,0.5,1.0,,,,,,,not_evaluated_sampling_envelope,True,fail,bl_asm,downsampled,2,1024,16.0,16.384,36.401977136708105,31.25,fail,0.25122070312500006,2.5998564516957887,5.199712903391578,pass,6.666666666666655,600.0,2.6,marginal,6106108.170242552,0.45,,not_evaluated,No propagated volume was supplied; total-power drift and SAS clipping were not evaluated.,True,,3.9805636540330407,5.199712903391578,15.000000000000025,0.25122070312500006,pass,general
sampling_feasibility_envelope,ell5_D1.0_L150.0,5,1.0,equivalent_l0_first_zero_diameter,1.0,0.5,1.0,1.3338079783160584,2.6676159566321167,150.0,5.317720874321809,0.05908018494629288,not_evaluated_sampling_envelope,,,0.5,1.0,,,,,,,not_evaluated_sampling_envelope,True,fail,bl_asm,downsampled,2,1024,16.0,16.384,51.477965705062154,31.25,fail,0.25122070312500006,2.5998564516957887,5.199712903391578,pass,6.666666666666655,600.0,2.6,pass,6106108.170242552,0.45,,not_evaluated,No propagated volume was supplied; total-power drift and SAS clipping were not evaluated.,True,,3.9805636540330407,5.199712903391578,22.50000000000004,0.25122070312500006,pass,general
sampling_feasibility_envelope,ell5_D1.0_L300.0,5,1.0,equivalent_l0_first_zero_diameter,1.0,0.5,1.0,1.3338079783160584,2.6676159566321167,300.0,10.545374703671616,0.11816036989258576,not_evaluated_sampling_envelope,,,0.5,1.0,,,,,,,not_evaluated_sampling_envelope,True,fail,bl_asm,downsampled,2,1024,16.0,16.384,96.70593141012431,31.25,fail,0.25122070312500006,2.5998564516957887,5.199712903391578,pass,8.66666666666667,780.0,2.6,pass,6106108.170242552,0.45,,not_evaluated,No propagated volume was supplied; total-power drift and SAS clipping were not evaluated.,True,,3.9805636540330407,5.199712903391578,34.6153846153846,0.25122070312500006,pass,general
sampling_feasibility_envelope,ell5_D1.0_L500.0,5,1.0,equivalent_l0_first_zero_diameter,1.0,0.5,1.0,1.3338079783160584,2.6676159566321167,500.0,17.237226959853746,0.19693394982097628,not_evaluated_sampling_envelope,,,0.5,1.0,,,,,,,not_evaluated_sampling_envelope,False,fail,bl_asm,downsampled,2,1024,16.0,16.384,157.00988568354055,31.25,fail,0.25122070312500006,2.5998564516957887,5.199712903391578,pass,14.444444444444423,1300.0000000000002,2.6,pass,6106108.170242552,0.45,,not_evaluated,No propagated volume was supplied; total-power drift and SAS clipping were not evaluated.,True,,3.9805636540330407,5.199712903391578,34.61538461538467,0.25122070312500006,pass,general
sampling_feasibility_envelope,ell5_D1.0_L800.0,5,1.0,equivalent_l0_first_zero_diameter,1.0,0.5,1.0,1.3338079783160584,2.6676159566321167,800.0,26.400820097231655,0.315094319713562,not_evaluated_sampling_envelope,,,0.5,1.0,,,,,,,not_evaluated_sampling_envelope,False,fail,bl_asm,downsampled,2,1024,16.0,16.384,247.4658170936648,31.25,fail,0.25122070312500006,2.5998564516957887,5.199712903391578,pass,23.11111111111112,2080.0,2.6,pass,6106108.170242552,0.45,,not_evaluated,No propagated volume was supplied; total-power drift and SAS clipping were not evaluated.,True,,3.9805636540330407,5.199712903391578,34.6153846153846,0.25122070312500006,pass,general
sampling_feasibility_envelope,ell5_D2.0_L50.0,5,2.0,equivalent_l0_first_zero_diameter,2.0,1.0,2.0,2.6676159566321167,5.335231913264233,50.0,0.44441130847920957,0.009846697491048812,not_evaluated_sampling_envelope,,,1.0,2.0,,,,,,,not_evaluated_sampling_envelope,True,marginal,bl_asm,downsampled,2,1024,16.0,16.384,10.018997142088514,31.25,pass,0.25122070312500006,5.199712903391577,10.399425806783157,pass,6.666666666666655,600.0,2.6,marginal,6106108.170242552,0.45,,not_evaluated,No propagated volume was supplied; total-power drift and SAS clipping were not evaluated.,True,,7.961127308066081,10.399425806783157,7.500000000000012,0.25122070312500006,pass,general
sampling_feasibility_envelope,ell5_D2.0_L100.0,5,2.0,equivalent_l0_first_zero_diameter,2.0,1.0,2.0,2.6676159566321167,5.335231913264233,100.0,0.888769149716337,0.019693394982097625,not_evaluated_sampling_envelope,,,1.0,2.0,,,,,,,not_evaluated_sampling_envelope,True,marginal,bl_asm,downsampled,2,1024,16.0,16.384,13.787994284177026,31.25,pass,0.25122070312500006,5.199712903391577,10.399425806783157,pass,6.666666666666655,600.0,2.6,marginal,6106108.170242552,0.45,,not_evaluated,No propagated volume was supplied; total-power drift and SAS clipping were not evaluated.,True,,7.961127308066081,10.399425806783157,15.000000000000025,0.25122070312500006,pass,general
sampling_feasibility_envelope,ell5_D2.0_L150.0,5,2.0,equivalent_l0_first_zero_diameter,2.0,1.0,2.0,2.6676159566321167,5.335231913264233,150.0,1.3330200950551903,0.02954009247314644,not_evaluated_sampling_envelope,,,1.0,2.0,,,,,,,not_evaluated_sampling_envelope,True,marginal,bl_asm,downsampled,2,1024,16.0,16.384,17.55699142626554,31.25,pass,0.25122070312500006,5.199712903391577,10.399425806783157,pass,6.666666666666655,600.0,2.6,pass,6106108.170242552,0.45,,not_evaluated,No propagated volume was supplied; total-power drift and SAS clipping were not evaluated.,True,,7.961127308066081,10.399425806783157,22.50000000000004,0.25122070312500006,pass,general
sampling_feasibility_envelope,ell5_D2.0_L300.0,5,2.0,equivalent_l0_first_zero_diameter,2.0,1.0,2.0,2.6676159566321167,5.335231913264233,300.0,2.664598655709351,0.05908018494629288,not_evaluated_sampling_envelope,,,1.0,2.0,,,,,,,not_evaluated_sampling_envelope,True,marginal,bl_asm,downsampled,2,1024,16.0,16.384,28.863982852531077,31.25,marginal,0.25122070312500006,5.199712903391577,10.399425806783157,pass,8.66666666666667,780.0,2.6,pass,6106108.170242552,0.45,,not_evaluated,No propagated volume was supplied; total-power drift and SAS clipping were not evaluated.,True,,7.961127308066081,10.399425806783157,34.6153846153846,0.25122070312500006,pass,general
sampling_feasibility_envelope,ell5_D2.0_L500.0,5,2.0,equivalent_l0_first_zero_diameter,2.0,1.0,2.0,2.6676159566321167,5.335231913264233,500.0,4.4353214309250255,0.09846697491048814,not_evaluated_sampling_envelope,,,1.0,2.0,,,,,,,not_evaluated_sampling_envelope,False,fail,bl_asm,downsampled,2,1024,16.0,16.384,43.939971420885136,31.25,fail,0.25122070312500006,5.199712903391577,10.399425806783157,pass,14.444444444444423,1300.0000000000002,2.6,pass,6106108.170242552,0.45,,not_evaluated,No propagated volume was supplied; total-power drift and SAS clipping were not evaluated.,True,,7.961127308066081,10.399425806783157,34.61538461538467,0.25122070312500006,pass,general
sampling_feasibility_envelope,ell5_D2.0_L800.0,5,2.0,equivalent_l0_first_zero_diameter,2.0,1.0,2.0,2.6676159566321167,5.335231913264233,800.0,7.074550347369427,0.157547159856781,not_evaluated_sampling_envelope,,,1.0,2.0,,,,,,,not_evaluated_sampling_envelope,False,fail,bl_asm,downsampled,2,1024,16.0,16.384,66.55395427341621,31.25,fail,0.25122070312500006,5.199712903391577,10.399425806783157,pass,23.11111111111112,2080.0,2.6,pass,6106108.170242552,0.45,,not_evaluated,No propagated volume was supplied; total-power drift and SAS clipping were not evaluated.,True,,7.961127308066081,10.399425806783157,34.6153846153846,0.25122070312500006,pass,general
sampling_feasibility_envelope,ell5_D3.0_L50.0,5,3.0,equivalent_l0_first_zero_diameter,3.0,1.5,3.0,4.001423934948176,8.002847869896351,50.0,0.19751931574637122,0.006564464994032542,not_evaluated_sampling_envelope,,,1.5,3.0,,,,,,,not_evaluated_sampling_envelope,True,marginal,bl_asm,downsampled,2,1024,16.0,16.384,7.925109840928228,31.25,pass,0.25122070312500006,7.799569355087367,15.599138710174733,pass,6.666666666666655,600.0,2.6,marginal,6106108.170242552,0.45,,not_evaluated,No propagated volume was supplied; total-power drift and SAS clipping were not evaluated.,True,,11.941690962099123,15.599138710174733,7.500000000000012,0.25122070312500006,pass,general
sampling_feasibility_envelope,ell5_D3.0_L100.0,5,3.0,equivalent_l0_first_zero_diameter,3.0,1.5,3.0,4.001423934948176,8.002847869896351,100.0,0.39503393684376026,0.013128929988065084,not_evaluated_sampling_envelope,,,1.5,3.0,,,,,,,not_evaluated_sampling_envelope,True,marginal,bl_asm,downsampled,2,1024,16.0,16.384,9.600219681856455,31.25,pass,0.25122070312500006,7.799569355087367,15.599138710174733,pass,6.666666666666655,600.0,2.6,marginal,6106108.170242552,0.45,,not_evaluated,No propagated volume was supplied; total-power drift and SAS clipping were not evaluated.,True,,11.941690962099123,15.599138710174733,15.000000000000025,0.25122070312500006,pass,general
sampling_feasibility_envelope,ell5_D3.0_L150.0,5,3.0,equivalent_l0_first_zero_diameter,3.0,1.5,3.0,4.001423934948176,8.002847869896351,150.0,0.5925391693126465,0.019693394982097625,not_evaluated_sampling_envelope,,,1.5,3.0,,,,,,,not_evaluated_sampling_envelope,True,marginal,bl_asm,downsampled,2,1024,16.0,16.384,11.275329522784684,31.25,pass,0.25122070312500006,7.799569355087367,15.599138710174733,pass,6.666666666666655,600.0,2.6,pass,6106108.170242552,0.45,,not_evaluated,No propagated volume was supplied; total-power drift and SAS clipping were not evaluated.,True,,11.941690962099123,15.599138710174733,22.50000000000004,0.25122070312500006,pass,general
sampling_feasibility_envelope,ell5_D3.0_L300.0,5,3.0,equivalent_l0_first_zero_diameter,3.0,1.5,3.0,4.001423934948176,8.002847869896351,300.0,1.184951619245102,0.03938678996419525,not_evaluated_sampling_envelope,,,1.5,3.0,,,,,,,not_evaluated_sampling_envelope,True,marginal,bl_asm,downsampled,2,1024,16.0,16.384,16.30065904556937,31.25,pass,0.25122070312500006,7.799569355087367,15.599138710174733,pass,8.66666666666667,780.0,2.6,pass,6106108.170242552,0.45,,not_evaluated,No propagated volume was supplied; total-power drift and SAS clipping were not evaluated.,True,,11.941690962099123,15.599138710174733,34.6153846153846,0.25122070312500006,pass,general
sampling_feasibility_envelope,ell5_D3.0_L500.0,5,3.0,equivalent_l0_first_zero_diameter,3.0,1.5,3.0,4.001423934948176,8.002847869896351,500.0,1.9744190701859103,0.06564464994032541,not_evaluated_sampling_envelope,,,1.5,3.0,,,,,,,not_evaluated_sampling_envelope,False,marginal,bl_asm,downsampled,2,1024,16.0,16.384,23.001098409282278,31.25,pass,0.25122070312500006,7.799569355087367,15.599138710174733,pass,14.444444444444423,1300.0000000000002,2.6,pass,6106108.170242552,0.45,,not_evaluated,No propagated volume was supplied; total-power drift and SAS clipping were not evaluated.,True,,11.941690962099123,15.599138710174733,34.61538461538467,0.25122070312500006,pass,general
sampling_feasibility_envelope,ell5_D3.0_L800.0,5,3.0,equivalent_l0_first_zero_diameter,3.0,1.5,3.0,4.001423934948176,8.002847869896351,800.0,3.157122414581327,0.10503143990452067,not_evaluated_sampling_envelope,,,1.5,3.0,,,,,,,not_evaluated_sampling_envelope,False,fail,bl_asm,downsampled,2,1024,16.0,16.384,33.05175745485164,31.25,fail,0.25122070312500006,7.799569355087367,15.599138710174733,pass,23.11111111111112,2080.0,2.6,pass,6106108.170242552,0.45,,not_evaluated,No propagated volume was supplied; total-power drift and SAS clipping were not evaluated.,True,,11.941690962099123,15.599138710174733,34.6153846153846,0.25122070312500006,pass,general
sampling_feasibility_envelope,ell5_D4.0_L50.0,5,4.0,equivalent_l0_first_zero_diameter,4.0,2.0,4.0,5.335231913264233,10.670463826528467,50.0,0.11110491598080227,0.004923348745524406,not_evaluated_sampling_envelope,,,2.0,4.0,,,,,,,not_evaluated_sampling_envelope,True,marginal,bl_asm,downsampled,2,1024,16.0,16.384,7.192249285522129,31.25,pass,0.25122070312500006,10.399425806783155,20.798851613566313,pass,6.666666666666655,600.0,2.6,marginal,6106108.170242552,0.45,,not_evaluated,No propagated volume was supplied; total-power drift and SAS clipping were not evaluated.,True,,15.922254616132163,20.798851613566313,7.500000000000012,0.25122070312500006,pass,general
sampling_feasibility_envelope,ell5_D4.0_L100.0,5,4.0,equivalent_l0_first_zero_diameter,4.0,2.0,4.0,5.335231913264233,10.670463826528467,100.0,0.22220899639458336,0.009846697491048812,not_evaluated_sampling_envelope,,,2.0,4.0,,,,,,,not_evaluated_sampling_envelope,True,marginal,bl_asm,downsampled,2,1024,16.0,16.384,8.134498571044258,31.25,pass,0.25122070312500006,10.399425806783155,20.798851613566313,pass,6.666666666666655,600.0,2.6,marginal,6106108.170242552,0.45,,not_evaluated,No propagated volume was supplied; total-power drift and SAS clipping were not evaluated.,True,,15.922254616132163,20.798851613566313,15.000000000000025,0.25122070312500006,pass,general
sampling_feasibility_envelope,ell5_D4.0_L150.0,5,4.0,equivalent_l0_first_zero_diameter,4.0,2.0,4.0,5.335231913264233,10.670463826528467,150.0,0.3333114057120248,0.01477004623657322,not_evaluated_sampling_envelope,,,2.0,4.0,,,,,,,not_evaluated_sampling_envelope,True,marginal,bl_asm,downsampled,2,1024,16.0,16.384,9.076747856566387,31.25,pass,0.25122070312500006,10.399425806783155,20.798851613566313,pass,6.666666666666655,600.0,2.6,pass,6106108.170242552,0.45,,not_evaluated,No propagated volume was supplied; total-power drift and SAS clipping were not evaluated.,True,,15.922254616132163,20.798851613566313,22.50000000000004,0.25122070312500006,pass,general
sampling_feasibility_envelope,ell5_D4.0_L300.0,5,4.0,equivalent_l0_first_zero_diameter,4.0,2.0,4.0,5.335231913264233,10.670463826528467,300.0,0.6666002531502747,0.02954009247314644,not_evaluated_sampling_envelope,,,2.0,4.0,,,,,,,not_evaluated_sampling_envelope,True,marginal,bl_asm,downsampled,2,1024,16.0,16.384,11.90349571313277,31.25,pass,0.25122070312500006,10.399425806783155,20.798851613566313,pass,8.66666666666667,780.0,2.6,pass,6106108.170242552,0.45,,not_evaluated,No propagated volume was supplied; total-power drift and SAS clipping were not evaluated.,True,,15.922254616132163,20.798851613566313,34.6153846153846,0.25122070312500006,pass,general
sampling_feasibility_envelope,ell5_D4.0_L500.0,5,4.0,equivalent_l0_first_zero_diameter,4.0,2.0,4.0,5.335231913264233,10.670463826528467,500.0,1.1109113211028379,0.04923348745524407,not_evaluated_sampling_envelope,,,2.0,4.0,,,,,,,not_evaluated_sampling_envelope,False,marginal,bl_asm,downsampled,2,1024,16.0,16.384,15.672492855221284,31.25,pass,0.25122070312500006,10.399425806783155,20.798851613566313,pass,14.444444444444423,1300.0000000000002,2.6,pass,6106108.170242552,0.45,,not_evaluated,No propagated volume was supplied; total-power drift and SAS clipping were not evaluated.,True,,15.922254616132163,20.798851613566313,34.61538461538467,0.25122070312500006,pass,general
sampling_feasibility_envelope,ell5_D4.0_L800.0,5,4.0,equivalent_l0_first_zero_diameter,4.0,2.0,4.0,5.335231913264233,10.670463826528467,800.0,1.7771107929417682,0.0787735799283905,not_evaluated_sampling_envelope,,,2.0,4.0,,,,,,,not_evaluated_sampling_envelope,False,marginal,bl_asm,downsampled,2,1024,16.0,16.384,21.325988568354052,31.25,pass,0.25122070312500006,10.399425806783155,20.798851613566313,pass,23.11111111111112,2080.0,2.6,pass,6106108.170242552,0.45,,not_evaluated,No propagated volume was supplied; total-power drift and SAS clipping were not evaluated.,True,,15.922254616132163,20.798851613566313,34.6153846153846,0.25122070312500006,pass,general
sampling_feasibility_envelope,ell5_D6.0_L50.0,5,6.0,equivalent_l0_first_zero_diameter,6.0,3.0,6.0,8.002847869896351,16.005695739792703,50.0,0.04938001232646751,0.003282232497016271,not_evaluated_sampling_envelope,,,3.0,6.0,,,,,,,not_evaluated_sampling_envelope,True,marginal,bl_asm,downsampled,2,1024,16.0,16.384,6.668777460232058,31.25,pass,0.25122070312500006,15.599138710174733,31.198277420349466,pass,6.666666666666655,600.0,2.6,marginal,6106108.170242552,0.45,,not_evaluated,No propagated volume was supplied; total-power drift and SAS clipping were not evaluated.,True,,23.883381924198247,31.198277420349466,7.500000000000012,0.25122070312500006,pass,general
sampling_feasibility_envelope,ell5_D6.0_L100.0,5,6.0,equivalent_l0_first_zero_diameter,6.0,3.0,6.0,8.002847869896351,16.005695739792703,100.0,0.09875995129659283,0.006564464994032542,not_evaluated_sampling_envelope,,,3.0,6.0,,,,,,,not_evaluated_sampling_envelope,True,marginal,bl_asm,downsampled,2,1024,16.0,16.384,7.087554920464115,31.25,pass,0.25122070312500006,15.599138710174733,31.198277420349466,pass,6.666666666666655,600.0,2.6,marginal,6106108.170242552,0.45,,not_evaluated,No propagated volume was supplied; total-power drift and SAS clipping were not evaluated.,True,,23.883381924198247,31.198277420349466,15.000000000000025,0.25122070312500006,pass,general
sampling_feasibility_envelope,ell5_D6.0_L150.0,5,6.0,equivalent_l0_first_zero_diameter,6.0,3.0,6.0,8.002847869896351,16.005695739792703,150.0,0.14813974355468765,0.009846697491048812,not_evaluated_sampling_envelope,,,3.0,6.0,,,,,,,not_evaluated_sampling_envelope,True,marginal,bl_asm,downsampled,2,1024,16.0,16.384,7.506332380696172,31.25,pass,0.25122070312500006,15.599138710174733,31.198277420349466,pass,6.666666666666655,600.0,2.6,pass,6106108.170242552,0.45,,not_evaluated,No propagated volume was supplied; total-power drift and SAS clipping were not evaluated.,True,,23.883381924198247,31.198277420349466,22.50000000000004,0.25122070312500006,pass,general
sampling_feasibility_envelope,ell5_D6.0_L300.0,5,6.0,equivalent_l0_first_zero_diameter,6.0,3.0,6.0,8.002847869896351,16.005695739792703,300.0,0.2962775065234433,0.019693394982097625,not_evaluated_sampling_envelope,,,3.0,6.0,,,,,,,not_evaluated_sampling_envelope,True,marginal,bl_asm,downsampled,2,1024,16.0,16.384,8.762664761392344,31.25,pass,0.25122070312500006,15.599138710174733,31.198277420349466,pass,8.66666666666667,780.0,2.6,pass,6106108.170242552,0.45,,not_evaluated,No propagated volume was supplied; total-power drift and SAS clipping were not evaluated.,True,,23.883381924198247,31.198277420349466,34.6153846153846,0.25122070312500006,pass,general
sampling_feasibility_envelope,ell5_D6.0_L500.0,5,6.0,equivalent_l0_first_zero_diameter,6.0,3.0,6.0,8.002847869896351,16.005695739792703,500.0,0.49378801998603367,0.03282232497016271,not_evaluated_sampling_envelope,,,3.0,6.0,,,,,,,not_evaluated_sampling_envelope,False,marginal,bl_asm,downsampled,2,1024,16.0,16.384,10.43777460232057,31.25,pass,0.25122070312500006,15.599138710174733,31.198277420349466,pass,14.444444444444423,1300.0000000000002,2.6,pass,6106108.170242552,0.45,,not_evaluated,No propagated volume was supplied; total-power drift and SAS clipping were not evaluated.,True,,23.883381924198247,31.198277420349466,34.61538461538467,0.25122070312500006,pass,general
sampling_feasibility_envelope,ell5_D6.0_L800.0,5,6.0,equivalent_l0_first_zero_diameter,6.0,3.0,6.0,8.002847869896351,16.005695739792703,800.0,0.790030320512193,0.052515719952260335,not_evaluated_sampling_envelope,,,3.0,6.0,,,,,,,not_evaluated_sampling_envelope,False,marginal,bl_asm,downsampled,2,1024,16.0,16.384,12.95043936371291,31.25,pass,0.25122070312500006,15.599138710174733,31.198277420349466,pass,23.11111111111112,2080.0,2.6,pass,6106108.170242552,0.45,,not_evaluated,No propagated volume was supplied; total-power drift and SAS clipping were not evaluated.,True,,23.883381924198247,31.198277420349466,34.6153846153846,0.25122070312500006,pass,general
sampling_feasibility_envelope,ell5_D8.0_L50.0,5,8.0,equivalent_l0_first_zero_diameter,8.0,4.0,8.0,10.670463826528467,21.340927653056934,50.0,0.02777626163482729,0.002461674372762203,not_evaluated_sampling_envelope,,,4.0,8.0,,,,,,,not_evaluated_sampling_envelope,False,marginal,bl_asm,downsampled,2,1024,16.0,16.384,6.485562321380533,31.25,pass,0.25122070312500006,20.79885161356631,41.59770322713263,pass,6.666666666666655,600.0,2.6,marginal,6106108.170242552,0.45,,not_evaluated,No propagated volume was supplied; total-power drift and SAS clipping were not evaluated.,True,,31.844509232264326,41.59770322713263,7.500000000000012,0.25122070312500006,pass,general
sampling_feasibility_envelope,ell5_D8.0_L100.0,5,8.0,equivalent_l0_first_zero_diameter,8.0,4.0,8.0,10.670463826528467,21.340927653056934,100.0,0.0555525102137818,0.004923348745524406,not_evaluated_sampling_envelope,,,4.0,8.0,,,,,,,not_evaluated_sampling_envelope,False,marginal,bl_asm,downsampled,2,1024,16.0,16.384,6.721124642761065,31.25,pass,0.25122070312500006,20.79885161356631,41.59770322713263,pass,6.666666666666655,600.0,2.6,marginal,6106108.170242552,0.45,,not_evaluated,No propagated volume was supplied; total-power drift and SAS clipping were not evaluated.,True,,31.844509232264326,41.59770322713263,15.000000000000025,0.25122070312500006,pass,general
sampling_feasibility_envelope,ell5_D8.0_L150.0,5,8.0,equivalent_l0_first_zero_diameter,8.0,4.0,8.0,10.670463826528467,21.340927653056934,150.0,0.08332873268102757,0.00738502311828661,not_evaluated_sampling_envelope,,,4.0,8.0,,,,,,,not_evaluated_sampling_envelope,False,marginal,bl_asm,downsampled,2,1024,16.0,16.384,6.956686964141597,31.25,pass,0.25122070312500006,20.79885161356631,41.59770322713263,pass,6.666666666666655,600.0,2.6,pass,6106108.170242552,0.45,,not_evaluated,No propagated volume was supplied; total-power drift and SAS clipping were not evaluated.,True,,31.844509232264326,41.59770322713263,22.50000000000004,0.25122070312500006,pass,general
sampling_feasibility_envelope,ell5_D8.0_L300.0,5,8.0,equivalent_l0_first_zero_diameter,8.0,4.0,8.0,10.670463826528467,21.340927653056934,300.0,0.16665711285547832,0.01477004623657322,not_evaluated_sampling_envelope,,,4.0,8.0,,,,,,,not_evaluated_sampling_envelope,False,marginal,bl_asm,downsampled,2,1024,16.0,16.384,7.663373928283193,31.25,pass,0.25122070312500006,20.79885161356631,41.59770322713263,pass,8.66666666666667,780.0,2.6,pass,6106108.170242552,0.45,,not_evaluated,No propagated volume was supplied; total-power drift and SAS clipping were not evaluated.,True,,31.844509232264326,41.59770322713263,34.6153846153846,0.25122070312500006,pass,general
sampling_feasibility_envelope,ell5_D8.0_L500.0,5,8.0,equivalent_l0_first_zero_diameter,8.0,4.0,8.0,10.670463826528467,21.340927653056934,500.0,0.27776046215842537,0.024616743727622035,not_evaluated_sampling_envelope,,,4.0,8.0,,,,,,,not_evaluated_sampling_envelope,False,marginal,bl_asm,downsampled,2,1024,16.0,16.384,8.605623213805321,31.25,pass,0.25122070312500006,20.79885161356631,41.59770322713263,pass,14.444444444444423,1300.0000000000002,2.6,pass,6106108.170242552,0.45,,not_evaluated,No propagated volume was supplied; total-power drift and SAS clipping were not evaluated.,True,,31.844509232264326,41.59770322713263,34.61538461538467,0.25122070312500006,pass,general
sampling_feasibility_envelope,ell5_D8.0_L800.0,5,8.0,equivalent_l0_first_zero_diameter,8.0,4.0,8.0,10.670463826528467,21.340927653056934,800.0,0.44441130847920957,0.03938678996419525,not_evaluated_sampling_envelope,,,4.0,8.0,,,,,,,not_evaluated_sampling_envelope,False,marginal,bl_asm,downsampled,2,1024,16.0,16.384,10.018997142088514,31.25,pass,0.25122070312500006,20.79885161356631,41.59770322713263,pass,23.11111111111112,2080.0,2.6,pass,6106108.170242552,0.45,,not_evaluated,No propagated volume was supplied; total-power drift and SAS clipping were not evaluated.,True,,31.844509232264326,41.59770322713263,34.6153846153846,0.25122070312500006,pass,general
sampling_feasibility_envelope,ell8_D1.0_L50.0,8,1.0,equivalent_l0_first_zero_diameter,1.0,0.5,1.0,2.0057009671511885,4.011401934302377,50.0,1.7771107929417682,0.019693394982097625,not_evaluated_sampling_envelope,,,0.5,1.0,,,,,,,not_evaluated_sampling_envelope,True,marginal,bl_asm,downsampled,2,1024,16.0,16.384,21.325988568354052,31.25,pass,0.25122070312500006,2.5998564516957887,5.199712903391578,pass,6.666666666666655,600.0,2.6,marginal,6106108.170242552,0.45,,not_evaluated,No propagated volume was supplied; total-power drift and SAS clipping were not evaluated.,True,,3.9805636540330407,5.199712903391578,7.500000000000012,0.25122070312500006,pass,general
sampling_feasibility_envelope,ell8_D1.0_L100.0,8,1.0,equivalent_l0_first_zero_diameter,1.0,0.5,1.0,2.0057009671511885,4.011401934302377,100.0,3.550808920229982,0.03938678996419525,not_evaluated_sampling_envelope,,,0.5,1.0,,,,,,,not_evaluated_sampling_envelope,True,fail,bl_asm,downsampled,2,1024,16.0,16.384,36.401977136708105,31.25,fail,0.25122070312500006,2.5998564516957887,5.199712903391578,pass,6.666666666666655,600.0,2.6,marginal,6106108.170242552,0.45,,not_evaluated,No propagated volume was supplied; total-power drift and SAS clipping were not evaluated.,True,,3.9805636540330407,5.199712903391578,15.000000000000025,0.25122070312500006,pass,general
sampling_feasibility_envelope,ell8_D1.0_L150.0,8,1.0,equivalent_l0_first_zero_diameter,1.0,0.5,1.0,2.0057009671511885,4.011401934302377,150.0,5.317720874321809,0.05908018494629288,not_evaluated_sampling_envelope,,,0.5,1.0,,,,,,,not_evaluated_sampling_envelope,True,fail,bl_asm,downsampled,2,1024,16.0,16.384,51.477965705062154,31.25,fail,0.25122070312500006,2.5998564516957887,5.199712903391578,pass,6.666666666666655,600.0,2.6,pass,6106108.170242552,0.45,,not_evaluated,No propagated volume was supplied; total-power drift and SAS clipping were not evaluated.,True,,3.9805636540330407,5.199712903391578,22.50000000000004,0.25122070312500006,pass,general
sampling_feasibility_envelope,ell8_D1.0_L300.0,8,1.0,equivalent_l0_first_zero_diameter,1.0,0.5,1.0,2.0057009671511885,4.011401934302377,300.0,10.545374703671616,0.11816036989258576,not_evaluated_sampling_envelope,,,0.5,1.0,,,,,,,not_evaluated_sampling_envelope,True,fail,bl_asm,downsampled,2,1024,16.0,16.384,96.70593141012431,31.25,fail,0.25122070312500006,2.5998564516957887,5.199712903391578,pass,8.66666666666667,780.0,2.6,pass,6106108.170242552,0.45,,not_evaluated,No propagated volume was supplied; total-power drift and SAS clipping were not evaluated.,True,,3.9805636540330407,5.199712903391578,34.6153846153846,0.25122070312500006,pass,general
sampling_feasibility_envelope,ell8_D1.0_L500.0,8,1.0,equivalent_l0_first_zero_diameter,1.0,0.5,1.0,2.0057009671511885,4.011401934302377,500.0,17.237226959853746,0.19693394982097628,not_evaluated_sampling_envelope,,,0.5,1.0,,,,,,,not_evaluated_sampling_envelope,False,fail,bl_asm,downsampled,2,1024,16.0,16.384,157.00988568354055,31.25,fail,0.25122070312500006,2.5998564516957887,5.199712903391578,pass,14.444444444444423,1300.0000000000002,2.6,pass,6106108.170242552,0.45,,not_evaluated,No propagated volume was supplied; total-power drift and SAS clipping were not evaluated.,True,,3.9805636540330407,5.199712903391578,34.61538461538467,0.25122070312500006,pass,general
sampling_feasibility_envelope,ell8_D1.0_L800.0,8,1.0,equivalent_l0_first_zero_diameter,1.0,0.5,1.0,2.0057009671511885,4.011401934302377,800.0,26.400820097231655,0.315094319713562,not_evaluated_sampling_envelope,,,0.5,1.0,,,,,,,not_evaluated_sampling_envelope,False,fail,bl_asm,downsampled,2,1024,16.0,16.384,247.4658170936648,31.25,fail,0.25122070312500006,2.5998564516957887,5.199712903391578,pass,23.11111111111112,2080.0,2.6,pass,6106108.170242552,0.45,,not_evaluated,No propagated volume was supplied; total-power drift and SAS clipping were not evaluated.,True,,3.9805636540330407,5.199712903391578,34.6153846153846,0.25122070312500006,pass,general
sampling_feasibility_envelope,ell8_D2.0_L50.0,8,2.0,equivalent_l0_first_zero_diameter,2.0,1.0,2.0,4.011401934302377,8.022803868604754,50.0,0.44441130847920957,0.009846697491048812,not_evaluated_sampling_envelope,,,1.0,2.0,,,,,,,not_evaluated_sampling_envelope,True,marginal,bl_asm,downsampled,2,1024,16.0,16.384,10.018997142088514,31.25,pass,0.25122070312500006,5.199712903391577,10.399425806783157,pass,6.666666666666655,600.0,2.6,marginal,6106108.170242552,0.45,,not_evaluated,No propagated volume was supplied; total-power drift and SAS clipping were not evaluated.,True,,7.961127308066081,10.399425806783157,7.500000000000012,0.25122070312500006,pass,general
sampling_feasibility_envelope,ell8_D2.0_L100.0,8,2.0,equivalent_l0_first_zero_diameter,2.0,1.0,2.0,4.011401934302377,8.022803868604754,100.0,0.888769149716337,0.019693394982097625,not_evaluated_sampling_envelope,,,1.0,2.0,,,,,,,not_evaluated_sampling_envelope,True,marginal,bl_asm,downsampled,2,1024,16.0,16.384,13.787994284177026,31.25,pass,0.25122070312500006,5.199712903391577,10.399425806783157,pass,6.666666666666655,600.0,2.6,marginal,6106108.170242552,0.45,,not_evaluated,No propagated volume was supplied; total-power drift and SAS clipping were not evaluated.,True,,7.961127308066081,10.399425806783157,15.000000000000025,0.25122070312500006,pass,general
sampling_feasibility_envelope,ell8_D2.0_L150.0,8,2.0,equivalent_l0_first_zero_diameter,2.0,1.0,2.0,4.011401934302377,8.022803868604754,150.0,1.3330200950551903,0.02954009247314644,not_evaluated_sampling_envelope,,,1.0,2.0,,,,,,,not_evaluated_sampling_envelope,True,marginal,bl_asm,downsampled,2,1024,16.0,16.384,17.55699142626554,31.25,pass,0.25122070312500006,5.199712903391577,10.399425806783157,pass,6.666666666666655,600.0,2.6,pass,6106108.170242552,0.45,,not_evaluated,No propagated volume was supplied; total-power drift and SAS clipping were not evaluated.,True,,7.961127308066081,10.399425806783157,22.50000000000004,0.25122070312500006,pass,general
sampling_feasibility_envelope,ell8_D2.0_L300.0,8,2.0,equivalent_l0_first_zero_diameter,2.0,1.0,2.0,4.011401934302377,8.022803868604754,300.0,2.664598655709351,0.05908018494629288,not_evaluated_sampling_envelope,,,1.0,2.0,,,,,,,not_evaluated_sampling_envelope,True,marginal,bl_asm,downsampled,2,1024,16.0,16.384,28.863982852531077,31.25,marginal,0.25122070312500006,5.199712903391577,10.399425806783157,pass,8.66666666666667,780.0,2.6,pass,6106108.170242552,0.45,,not_evaluated,No propagated volume was supplied; total-power drift and SAS clipping were not evaluated.,True,,7.961127308066081,10.399425806783157,34.6153846153846,0.25122070312500006,pass,general
sampling_feasibility_envelope,ell8_D2.0_L500.0,8,2.0,equivalent_l0_first_zero_diameter,2.0,1.0,2.0,4.011401934302377,8.022803868604754,500.0,4.4353214309250255,0.09846697491048814,not_evaluated_sampling_envelope,,,1.0,2.0,,,,,,,not_evaluated_sampling_envelope,False,fail,bl_asm,downsampled,2,1024,16.0,16.384,43.939971420885136,31.25,fail,0.25122070312500006,5.199712903391577,10.399425806783157,pass,14.444444444444423,1300.0000000000002,2.6,pass,6106108.170242552,0.45,,not_evaluated,No propagated volume was supplied; total-power drift and SAS clipping were not evaluated.,True,,7.961127308066081,10.399425806783157,34.61538461538467,0.25122070312500006,pass,general
sampling_feasibility_envelope,ell8_D2.0_L800.0,8,2.0,equivalent_l0_first_zero_diameter,2.0,1.0,2.0,4.011401934302377,8.022803868604754,800.0,7.074550347369427,0.157547159856781,not_evaluated_sampling_envelope,,,1.0,2.0,,,,,,,not_evaluated_sampling_envelope,False,fail,bl_asm,downsampled,2,1024,16.0,16.384,66.55395427341621,31.25,fail,0.25122070312500006,5.199712903391577,10.399425806783157,pass,23.11111111111112,2080.0,2.6,pass,6106108.170242552,0.45,,not_evaluated,No propagated volume was supplied; total-power drift and SAS clipping were not evaluated.,True,,7.961127308066081,10.399425806783157,34.6153846153846,0.25122070312500006,pass,general
sampling_feasibility_envelope,ell8_D3.0_L50.0,8,3.0,equivalent_l0_first_zero_diameter,3.0,1.5,3.0,6.0171029014535655,12.034205802907131,50.0,0.19751931574637122,0.006564464994032542,not_evaluated_sampling_envelope,,,1.5,3.0,,,,,,,not_evaluated_sampling_envelope,True,marginal,bl_asm,downsampled,2,1024,16.0,16.384,7.925109840928228,31.25,pass,0.25122070312500006,7.799569355087367,15.599138710174733,pass,6.666666666666655,600.0,2.6,marginal,6106108.170242552,0.45,,not_evaluated,No propagated volume was supplied; total-power drift and SAS clipping were not evaluated.,True,,11.941690962099123,15.599138710174733,7.500000000000012,0.25122070312500006,pass,general
sampling_feasibility_envelope,ell8_D3.0_L100.0,8,3.0,equivalent_l0_first_zero_diameter,3.0,1.5,3.0,6.0171029014535655,12.034205802907131,100.0,0.39503393684376026,0.013128929988065084,not_evaluated_sampling_envelope,,,1.5,3.0,,,,,,,not_evaluated_sampling_envelope,True,marginal,bl_asm,downsampled,2,1024,16.0,16.384,9.600219681856455,31.25,pass,0.25122070312500006,7.799569355087367,15.599138710174733,pass,6.666666666666655,600.0,2.6,marginal,6106108.170242552,0.45,,not_evaluated,No propagated volume was supplied; total-power drift and SAS clipping were not evaluated.,True,,11.941690962099123,15.599138710174733,15.000000000000025,0.25122070312500006,pass,general
sampling_feasibility_envelope,ell8_D3.0_L150.0,8,3.0,equivalent_l0_first_zero_diameter,3.0,1.5,3.0,6.0171029014535655,12.034205802907131,150.0,0.5925391693126465,0.019693394982097625,not_evaluated_sampling_envelope,,,1.5,3.0,,,,,,,not_evaluated_sampling_envelope,True,marginal,bl_asm,downsampled,2,1024,16.0,16.384,11.275329522784684,31.25,pass,0.25122070312500006,7.799569355087367,15.599138710174733,pass,6.666666666666655,600.0,2.6,pass,6106108.170242552,0.45,,not_evaluated,No propagated volume was supplied; total-power drift and SAS clipping were not evaluated.,True,,11.941690962099123,15.599138710174733,22.50000000000004,0.25122070312500006,pass,general
sampling_feasibility_envelope,ell8_D3.0_L300.0,8,3.0,equivalent_l0_first_zero_diameter,3.0,1.5,3.0,6.0171029014535655,12.034205802907131,300.0,1.184951619245102,0.03938678996419525,not_evaluated_sampling_envelope,,,1.5,3.0,,,,,,,not_evaluated_sampling_envelope,True,marginal,bl_asm,downsampled,2,1024,16.0,16.384,16.30065904556937,31.25,pass,0.25122070312500006,7.799569355087367,15.599138710174733,pass,8.66666666666667,780.0,2.6,pass,6106108.170242552,0.45,,not_evaluated,No propagated volume was supplied; total-power drift and SAS clipping were not evaluated.,True,,11.941690962099123,15.599138710174733,34.6153846153846,0.25122070312500006,pass,general
sampling_feasibility_envelope,ell8_D3.0_L500.0,8,3.0,equivalent_l0_first_zero_diameter,3.0,1.5,3.0,6.0171029014535655,12.034205802907131,500.0,1.9744190701859103,0.06564464994032541,not_evaluated_sampling_envelope,,,1.5,3.0,,,,,,,not_evaluated_sampling_envelope,False,marginal,bl_asm,downsampled,2,1024,16.0,16.384,23.001098409282278,31.25,pass,0.25122070312500006,7.799569355087367,15.599138710174733,pass,14.444444444444423,1300.0000000000002,2.6,pass,6106108.170242552,0.45,,not_evaluated,No propagated volume was supplied; total-power drift and SAS clipping were not evaluated.,True,,11.941690962099123,15.599138710174733,34.61538461538467,0.25122070312500006,pass,general
sampling_feasibility_envelope,ell8_D3.0_L800.0,8,3.0,equivalent_l0_first_zero_diameter,3.0,1.5,3.0,6.0171029014535655,12.034205802907131,800.0,3.157122414581327,0.10503143990452067,not_evaluated_sampling_envelope,,,1.5,3.0,,,,,,,not_evaluated_sampling_envelope,False,fail,bl_asm,downsampled,2,1024,16.0,16.384,33.05175745485164,31.25,fail,0.25122070312500006,7.799569355087367,15.599138710174733,pass,23.11111111111112,2080.0,2.6,pass,6106108.170242552,0.45,,not_evaluated,No propagated volume was supplied; total-power drift and SAS clipping were not evaluated.,True,,11.941690962099123,15.599138710174733,34.6153846153846,0.25122070312500006,pass,general
sampling_feasibility_envelope,ell8_D4.0_L50.0,8,4.0,equivalent_l0_first_zero_diameter,4.0,2.0,4.0,8.022803868604754,16.045607737209508,50.0,0.11110491598080227,0.004923348745524406,not_evaluated_sampling_envelope,,,2.0,4.0,,,,,,,not_evaluated_sampling_envelope,True,marginal,bl_asm,downsampled,2,1024,16.0,16.384,7.192249285522129,31.25,pass,0.25122070312500006,10.399425806783155,20.798851613566313,pass,6.666666666666655,600.0,2.6,marginal,6106108.170242552,0.45,,not_evaluated,No propagated volume was supplied; total-power drift and SAS clipping were not evaluated.,True,,15.922254616132163,20.798851613566313,7.500000000000012,0.25122070312500006,pass,general
sampling_feasibility_envelope,ell8_D4.0_L100.0,8,4.0,equivalent_l0_first_zero_diameter,4.0,2.0,4.0,8.022803868604754,16.045607737209508,100.0,0.22220899639458336,0.009846697491048812,not_evaluated_sampling_envelope,,,2.0,4.0,,,,,,,not_evaluated_sampling_envelope,True,marginal,bl_asm,downsampled,2,1024,16.0,16.384,8.134498571044258,31.25,pass,0.25122070312500006,10.399425806783155,20.798851613566313,pass,6.666666666666655,600.0,2.6,marginal,6106108.170242552,0.45,,not_evaluated,No propagated volume was supplied; total-power drift and SAS clipping were not evaluated.,True,,15.922254616132163,20.798851613566313,15.000000000000025,0.25122070312500006,pass,general
sampling_feasibility_envelope,ell8_D4.0_L150.0,8,4.0,equivalent_l0_first_zero_diameter,4.0,2.0,4.0,8.022803868604754,16.045607737209508,150.0,0.3333114057120248,0.01477004623657322,not_evaluated_sampling_envelope,,,2.0,4.0,,,,,,,not_evaluated_sampling_envelope,True,marginal,bl_asm,downsampled,2,1024,16.0,16.384,9.076747856566387,31.25,pass,0.25122070312500006,10.399425806783155,20.798851613566313,pass,6.666666666666655,600.0,2.6,pass,6106108.170242552,0.45,,not_evaluated,No propagated volume was supplied; total-power drift and SAS clipping were not evaluated.,True,,15.922254616132163,20.798851613566313,22.50000000000004,0.25122070312500006,pass,general
sampling_feasibility_envelope,ell8_D4.0_L300.0,8,4.0,equivalent_l0_first_zero_diameter,4.0,2.0,4.0,8.022803868604754,16.045607737209508,300.0,0.6666002531502747,0.02954009247314644,not_evaluated_sampling_envelope,,,2.0,4.0,,,,,,,not_evaluated_sampling_envelope,True,marginal,bl_asm,downsampled,2,1024,16.0,16.384,11.90349571313277,31.25,pass,0.25122070312500006,10.399425806783155,20.798851613566313,pass,8.66666666666667,780.0,2.6,pass,6106108.170242552,0.45,,not_evaluated,No propagated volume was supplied; total-power drift and SAS clipping were not evaluated.,True,,15.922254616132163,20.798851613566313,34.6153846153846,0.25122070312500006,pass,general
sampling_feasibility_envelope,ell8_D4.0_L500.0,8,4.0,equivalent_l0_first_zero_diameter,4.0,2.0,4.0,8.022803868604754,16.045607737209508,500.0,1.1109113211028379,0.04923348745524407,not_evaluated_sampling_envelope,,,2.0,4.0,,,,,,,not_evaluated_sampling_envelope,False,marginal,bl_asm,downsampled,2,1024,16.0,16.384,15.672492855221284,31.25,pass,0.25122070312500006,10.399425806783155,20.798851613566313,pass,14.444444444444423,1300.0000000000002,2.6,pass,6106108.170242552,0.45,,not_evaluated,No propagated volume was supplied; total-power drift and SAS clipping were not evaluated.,True,,15.922254616132163,20.798851613566313,34.61538461538467,0.25122070312500006,pass,general
sampling_feasibility_envelope,ell8_D4.0_L800.0,8,4.0,equivalent_l0_first_zero_diameter,4.0,2.0,4.0,8.022803868604754,16.045607737209508,800.0,1.7771107929417682,0.0787735799283905,not_evaluated_sampling_envelope,,,2.0,4.0,,,,,,,not_evaluated_sampling_envelope,False,marginal,bl_asm,downsampled,2,1024,16.0,16.384,21.325988568354052,31.25,pass,0.25122070312500006,10.399425806783155,20.798851613566313,pass,23.11111111111112,2080.0,2.6,pass,6106108.170242552,0.45,,not_evaluated,No propagated volume was supplied; total-power drift and SAS clipping were not evaluated.,True,,15.922254616132163,20.798851613566313,34.6153846153846,0.25122070312500006,pass,general
sampling_feasibility_envelope,ell8_D6.0_L50.0,8,6.0,equivalent_l0_first_zero_diameter,6.0,3.0,6.0,12.034205802907131,24.068411605814262,50.0,0.04938001232646751,0.003282232497016271,not_evaluated_sampling_envelope,,,3.0,6.0,,,,,,,not_evaluated_sampling_envelope,True,marginal,bl_asm,downsampled,2,1024,16.0,16.384,6.668777460232058,31.25,pass,0.25122070312500006,15.599138710174733,31.198277420349466,pass,6.666666666666655,600.0,2.6,marginal,6106108.170242552,0.45,,not_evaluated,No propagated volume was supplied; total-power drift and SAS clipping were not evaluated.,True,,23.883381924198247,31.198277420349466,7.500000000000012,0.25122070312500006,pass,general
sampling_feasibility_envelope,ell8_D6.0_L100.0,8,6.0,equivalent_l0_first_zero_diameter,6.0,3.0,6.0,12.034205802907131,24.068411605814262,100.0,0.09875995129659283,0.006564464994032542,not_evaluated_sampling_envelope,,,3.0,6.0,,,,,,,not_evaluated_sampling_envelope,True,marginal,bl_asm,downsampled,2,1024,16.0,16.384,7.087554920464115,31.25,pass,0.25122070312500006,15.599138710174733,31.198277420349466,pass,6.666666666666655,600.0,2.6,marginal,6106108.170242552,0.45,,not_evaluated,No propagated volume was supplied; total-power drift and SAS clipping were not evaluated.,True,,23.883381924198247,31.198277420349466,15.000000000000025,0.25122070312500006,pass,general
sampling_feasibility_envelope,ell8_D6.0_L150.0,8,6.0,equivalent_l0_first_zero_diameter,6.0,3.0,6.0,12.034205802907131,24.068411605814262,150.0,0.14813974355468765,0.009846697491048812,not_evaluated_sampling_envelope,,,3.0,6.0,,,,,,,not_evaluated_sampling_envelope,True,marginal,bl_asm,downsampled,2,1024,16.0,16.384,7.506332380696172,31.25,pass,0.25122070312500006,15.599138710174733,31.198277420349466,pass,6.666666666666655,600.0,2.6,pass,6106108.170242552,0.45,,not_evaluated,No propagated volume was supplied; total-power drift and SAS clipping were not evaluated.,True,,23.883381924198247,31.198277420349466,22.50000000000004,0.25122070312500006,pass,general
sampling_feasibility_envelope,ell8_D6.0_L300.0,8,6.0,equivalent_l0_first_zero_diameter,6.0,3.0,6.0,12.034205802907131,24.068411605814262,300.0,0.2962775065234433,0.019693394982097625,not_evaluated_sampling_envelope,,,3.0,6.0,,,,,,,not_evaluated_sampling_envelope,True,marginal,bl_asm,downsampled,2,1024,16.0,16.384,8.762664761392344,31.25,pass,0.25122070312500006,15.599138710174733,31.198277420349466,pass,8.66666666666667,780.0,2.6,pass,6106108.170242552,0.45,,not_evaluated,No propagated volume was supplied; total-power drift and SAS clipping were not evaluated.,True,,23.883381924198247,31.198277420349466,34.6153846153846,0.25122070312500006,pass,general
sampling_feasibility_envelope,ell8_D6.0_L500.0,8,6.0,equivalent_l0_first_zero_diameter,6.0,3.0,6.0,12.034205802907131,24.068411605814262,500.0,0.49378801998603367,0.03282232497016271,not_evaluated_sampling_envelope,,,3.0,6.0,,,,,,,not_evaluated_sampling_envelope,False,marginal,bl_asm,downsampled,2,1024,16.0,16.384,10.43777460232057,31.25,pass,0.25122070312500006,15.599138710174733,31.198277420349466,pass,14.444444444444423,1300.0000000000002,2.6,pass,6106108.170242552,0.45,,not_evaluated,No propagated volume was supplied; total-power drift and SAS clipping were not evaluated.,True,,23.883381924198247,31.198277420349466,34.61538461538467,0.25122070312500006,pass,general
sampling_feasibility_envelope,ell8_D6.0_L800.0,8,6.0,equivalent_l0_first_zero_diameter,6.0,3.0,6.0,12.034205802907131,24.068411605814262,800.0,0.790030320512193,0.052515719952260335,not_evaluated_sampling_envelope,,,3.0,6.0,,,,,,,not_evaluated_sampling_envelope,False,marginal,bl_asm,downsampled,2,1024,16.0,16.384,12.95043936371291,31.25,pass,0.25122070312500006,15.599138710174733,31.198277420349466,pass,23.11111111111112,2080.0,2.6,pass,6106108.170242552,0.45,,not_evaluated,No propagated volume was supplied; total-power drift and SAS clipping were not evaluated.,True,,23.883381924198247,31.198277420349466,34.6153846153846,0.25122070312500006,pass,general
sampling_feasibility_envelope,ell8_D8.0_L50.0,8,8.0,equivalent_l0_first_zero_diameter,8.0,4.0,8.0,16.045607737209508,32.091215474419016,50.0,0.02777626163482729,0.002461674372762203,not_evaluated_sampling_envelope,,,4.0,8.0,,,,,,,not_evaluated_sampling_envelope,False,marginal,bl_asm,downsampled,2,1024,16.0,16.384,6.485562321380533,31.25,pass,0.25122070312500006,20.79885161356631,41.59770322713263,pass,6.666666666666655,600.0,2.6,marginal,6106108.170242552,0.45,,not_evaluated,No propagated volume was supplied; total-power drift and SAS clipping were not evaluated.,True,,31.844509232264326,41.59770322713263,7.500000000000012,0.25122070312500006,pass,general
sampling_feasibility_envelope,ell8_D8.0_L100.0,8,8.0,equivalent_l0_first_zero_diameter,8.0,4.0,8.0,16.045607737209508,32.091215474419016,100.0,0.0555525102137818,0.004923348745524406,not_evaluated_sampling_envelope,,,4.0,8.0,,,,,,,not_evaluated_sampling_envelope,False,marginal,bl_asm,downsampled,2,1024,16.0,16.384,6.721124642761065,31.25,pass,0.25122070312500006,20.79885161356631,41.59770322713263,pass,6.666666666666655,600.0,2.6,marginal,6106108.170242552,0.45,,not_evaluated,No propagated volume was supplied; total-power drift and SAS clipping were not evaluated.,True,,31.844509232264326,41.59770322713263,15.000000000000025,0.25122070312500006,pass,general
sampling_feasibility_envelope,ell8_D8.0_L150.0,8,8.0,equivalent_l0_first_zero_diameter,8.0,4.0,8.0,16.045607737209508,32.091215474419016,150.0,0.08332873268102757,0.00738502311828661,not_evaluated_sampling_envelope,,,4.0,8.0,,,,,,,not_evaluated_sampling_envelope,False,marginal,bl_asm,downsampled,2,1024,16.0,16.384,6.956686964141597,31.25,pass,0.25122070312500006,20.79885161356631,41.59770322713263,pass,6.666666666666655,600.0,2.6,pass,6106108.170242552,0.45,,not_evaluated,No propagated volume was supplied; total-power drift and SAS clipping were not evaluated.,True,,31.844509232264326,41.59770322713263,22.50000000000004,0.25122070312500006,pass,general
sampling_feasibility_envelope,ell8_D8.0_L300.0,8,8.0,equivalent_l0_first_zero_diameter,8.0,4.0,8.0,16.045607737209508,32.091215474419016,300.0,0.16665711285547832,0.01477004623657322,not_evaluated_sampling_envelope,,,4.0,8.0,,,,,,,not_evaluated_sampling_envelope,False,marginal,bl_asm,downsampled,2,1024,16.0,16.384,7.663373928283193,31.25,pass,0.25122070312500006,20.79885161356631,41.59770322713263,pass,8.66666666666667,780.0,2.6,pass,6106108.170242552,0.45,,not_evaluated,No propagated volume was supplied; total-power drift and SAS clipping were not evaluated.,True,,31.844509232264326,41.59770322713263,34.6153846153846,0.25122070312500006,pass,general
sampling_feasibility_envelope,ell8_D8.0_L500.0,8,8.0,equivalent_l0_first_zero_diameter,8.0,4.0,8.0,16.045607737209508,32.091215474419016,500.0,0.27776046215842537,0.024616743727622035,not_evaluated_sampling_envelope,,,4.0,8.0,,,,,,,not_evaluated_sampling_envelope,False,marginal,bl_asm,downsampled,2,1024,16.0,16.384,8.605623213805321,31.25,pass,0.25122070312500006,20.79885161356631,41.59770322713263,pass,14.444444444444423,1300.0000000000002,2.6,pass,6106108.170242552,0.45,,not_evaluated,No propagated volume was supplied; total-power drift and SAS clipping were not evaluated.,True,,31.844509232264326,41.59770322713263,34.61538461538467,0.25122070312500006,pass,general
sampling_feasibility_envelope,ell8_D8.0_L800.0,8,8.0,equivalent_l0_first_zero_diameter,8.0,4.0,8.0,16.045607737209508,32.091215474419016,800.0,0.44441130847920957,0.03938678996419525,not_evaluated_sampling_envelope,,,4.0,8.0,,,,,,,not_evaluated_sampling_envelope,False,marginal,bl_asm,downsampled,2,1024,16.0,16.384,10.018997142088514,31.25,pass,0.25122070312500006,20.79885161356631,41.59770322713263,pass,23.11111111111112,2080.0,2.6,pass,6106108.170242552,0.45,,not_evaluated,No propagated volume was supplied; total-power drift and SAS clipping were not evaluated.,True,,31.844509232264326,41.59770322713263,34.6153846153846,0.25122070312500006,pass,general
sampling_feasibility_envelope,ell10_D1.0_L50.0,10,1.0,equivalent_l0_first_zero_diameter,1.0,0.5,1.0,2.4471677078909733,4.8943354157819465,50.0,1.7771107929417682,0.019693394982097625,not_evaluated_sampling_envelope,,,0.5,1.0,,,,,,,not_evaluated_sampling_envelope,True,marginal,bl_asm,downsampled,2,1024,16.0,16.384,21.325988568354052,31.25,pass,0.25122070312500006,2.5998564516957887,5.199712903391578,pass,6.666666666666655,600.0,2.6,marginal,6106108.170242552,0.45,,not_evaluated,No propagated volume was supplied; total-power drift and SAS clipping were not evaluated.,True,,3.9805636540330407,5.199712903391578,7.500000000000012,0.25122070312500006,pass,general
sampling_feasibility_envelope,ell10_D1.0_L100.0,10,1.0,equivalent_l0_first_zero_diameter,1.0,0.5,1.0,2.4471677078909733,4.8943354157819465,100.0,3.550808920229982,0.03938678996419525,not_evaluated_sampling_envelope,,,0.5,1.0,,,,,,,not_evaluated_sampling_envelope,True,fail,bl_asm,downsampled,2,1024,16.0,16.384,36.401977136708105,31.25,fail,0.25122070312500006,2.5998564516957887,5.199712903391578,pass,6.666666666666655,600.0,2.6,marginal,6106108.170242552,0.45,,not_evaluated,No propagated volume was supplied; total-power drift and SAS clipping were not evaluated.,True,,3.9805636540330407,5.199712903391578,15.000000000000025,0.25122070312500006,pass,general
sampling_feasibility_envelope,ell10_D1.0_L150.0,10,1.0,equivalent_l0_first_zero_diameter,1.0,0.5,1.0,2.4471677078909733,4.8943354157819465,150.0,5.317720874321809,0.05908018494629288,not_evaluated_sampling_envelope,,,0.5,1.0,,,,,,,not_evaluated_sampling_envelope,True,fail,bl_asm,downsampled,2,1024,16.0,16.384,51.477965705062154,31.25,fail,0.25122070312500006,2.5998564516957887,5.199712903391578,pass,6.666666666666655,600.0,2.6,pass,6106108.170242552,0.45,,not_evaluated,No propagated volume was supplied; total-power drift and SAS clipping were not evaluated.,True,,3.9805636540330407,5.199712903391578,22.50000000000004,0.25122070312500006,pass,general
sampling_feasibility_envelope,ell10_D1.0_L300.0,10,1.0,equivalent_l0_first_zero_diameter,1.0,0.5,1.0,2.4471677078909733,4.8943354157819465,300.0,10.545374703671616,0.11816036989258576,not_evaluated_sampling_envelope,,,0.5,1.0,,,,,,,not_evaluated_sampling_envelope,True,fail,bl_asm,downsampled,2,1024,16.0,16.384,96.70593141012431,31.25,fail,0.25122070312500006,2.5998564516957887,5.199712903391578,pass,8.66666666666667,780.0,2.6,pass,6106108.170242552,0.45,,not_evaluated,No propagated volume was supplied; total-power drift and SAS clipping were not evaluated.,True,,3.9805636540330407,5.199712903391578,34.6153846153846,0.25122070312500006,pass,general
sampling_feasibility_envelope,ell10_D1.0_L500.0,10,1.0,equivalent_l0_first_zero_diameter,1.0,0.5,1.0,2.4471677078909733,4.8943354157819465,500.0,17.237226959853746,0.19693394982097628,not_evaluated_sampling_envelope,,,0.5,1.0,,,,,,,not_evaluated_sampling_envelope,False,fail,bl_asm,downsampled,2,1024,16.0,16.384,157.00988568354055,31.25,fail,0.25122070312500006,2.5998564516957887,5.199712903391578,pass,14.444444444444423,1300.0000000000002,2.6,pass,6106108.170242552,0.45,,not_evaluated,No propagated volume was supplied; total-power drift and SAS clipping were not evaluated.,True,,3.9805636540330407,5.199712903391578,34.61538461538467,0.25122070312500006,pass,general
sampling_feasibility_envelope,ell10_D1.0_L800.0,10,1.0,equivalent_l0_first_zero_diameter,1.0,0.5,1.0,2.4471677078909733,4.8943354157819465,800.0,26.400820097231655,0.315094319713562,not_evaluated_sampling_envelope,,,0.5,1.0,,,,,,,not_evaluated_sampling_envelope,False,fail,bl_asm,downsampled,2,1024,16.0,16.384,247.4658170936648,31.25,fail,0.25122070312500006,2.5998564516957887,5.199712903391578,pass,23.11111111111112,2080.0,2.6,pass,6106108.170242552,0.45,,not_evaluated,No propagated volume was supplied; total-power drift and SAS clipping were not evaluated.,True,,3.9805636540330407,5.199712903391578,34.6153846153846,0.25122070312500006,pass,general
sampling_feasibility_envelope,ell10_D2.0_L50.0,10,2.0,equivalent_l0_first_zero_diameter,2.0,1.0,2.0,4.8943354157819465,9.788670831563893,50.0,0.44441130847920957,0.009846697491048812,not_evaluated_sampling_envelope,,,1.0,2.0,,,,,,,not_evaluated_sampling_envelope,True,marginal,bl_asm,downsampled,2,1024,16.0,16.384,10.018997142088514,31.25,pass,0.25122070312500006,5.199712903391577,10.399425806783157,pass,6.666666666666655,600.0,2.6,marginal,6106108.170242552,0.45,,not_evaluated,No propagated volume was supplied; total-power drift and SAS clipping were not evaluated.,True,,7.961127308066081,10.399425806783157,7.500000000000012,0.25122070312500006,pass,general
sampling_feasibility_envelope,ell10_D2.0_L100.0,10,2.0,equivalent_l0_first_zero_diameter,2.0,1.0,2.0,4.8943354157819465,9.788670831563893,100.0,0.888769149716337,0.019693394982097625,not_evaluated_sampling_envelope,,,1.0,2.0,,,,,,,not_evaluated_sampling_envelope,True,marginal,bl_asm,downsampled,2,1024,16.0,16.384,13.787994284177026,31.25,pass,0.25122070312500006,5.199712903391577,10.399425806783157,pass,6.666666666666655,600.0,2.6,marginal,6106108.170242552,0.45,,not_evaluated,No propagated volume was supplied; total-power drift and SAS clipping were not evaluated.,True,,7.961127308066081,10.399425806783157,15.000000000000025,0.25122070312500006,pass,general
sampling_feasibility_envelope,ell10_D2.0_L150.0,10,2.0,equivalent_l0_first_zero_diameter,2.0,1.0,2.0,4.8943354157819465,9.788670831563893,150.0,1.3330200950551903,0.02954009247314644,not_evaluated_sampling_envelope,,,1.0,2.0,,,,,,,not_evaluated_sampling_envelope,True,marginal,bl_asm,downsampled,2,1024,16.0,16.384,17.55699142626554,31.25,pass,0.25122070312500006,5.199712903391577,10.399425806783157,pass,6.666666666666655,600.0,2.6,pass,6106108.170242552,0.45,,not_evaluated,No propagated volume was supplied; total-power drift and SAS clipping were not evaluated.,True,,7.961127308066081,10.399425806783157,22.50000000000004,0.25122070312500006,pass,general
sampling_feasibility_envelope,ell10_D2.0_L300.0,10,2.0,equivalent_l0_first_zero_diameter,2.0,1.0,2.0,4.8943354157819465,9.788670831563893,300.0,2.664598655709351,0.05908018494629288,not_evaluated_sampling_envelope,,,1.0,2.0,,,,,,,not_evaluated_sampling_envelope,True,marginal,bl_asm,downsampled,2,1024,16.0,16.384,28.863982852531077,31.25,marginal,0.25122070312500006,5.199712903391577,10.399425806783157,pass,8.66666666666667,780.0,2.6,pass,6106108.170242552,0.45,,not_evaluated,No propagated volume was supplied; total-power drift and SAS clipping were not evaluated.,True,,7.961127308066081,10.399425806783157,34.6153846153846,0.25122070312500006,pass,general
sampling_feasibility_envelope,ell10_D2.0_L500.0,10,2.0,equivalent_l0_first_zero_diameter,2.0,1.0,2.0,4.8943354157819465,9.788670831563893,500.0,4.4353214309250255,0.09846697491048814,not_evaluated_sampling_envelope,,,1.0,2.0,,,,,,,not_evaluated_sampling_envelope,False,fail,bl_asm,downsampled,2,1024,16.0,16.384,43.939971420885136,31.25,fail,0.25122070312500006,5.199712903391577,10.399425806783157,pass,14.444444444444423,1300.0000000000002,2.6,pass,6106108.170242552,0.45,,not_evaluated,No propagated volume was supplied; total-power drift and SAS clipping were not evaluated.,True,,7.961127308066081,10.399425806783157,34.61538461538467,0.25122070312500006,pass,general
sampling_feasibility_envelope,ell10_D2.0_L800.0,10,2.0,equivalent_l0_first_zero_diameter,2.0,1.0,2.0,4.8943354157819465,9.788670831563893,800.0,7.074550347369427,0.157547159856781,not_evaluated_sampling_envelope,,,1.0,2.0,,,,,,,not_evaluated_sampling_envelope,False,fail,bl_asm,downsampled,2,1024,16.0,16.384,66.55395427341621,31.25,fail,0.25122070312500006,5.199712903391577,10.399425806783157,pass,23.11111111111112,2080.0,2.6,pass,6106108.170242552,0.45,,not_evaluated,No propagated volume was supplied; total-power drift and SAS clipping were not evaluated.,True,,7.961127308066081,10.399425806783157,34.6153846153846,0.25122070312500006,pass,general
sampling_feasibility_envelope,ell10_D3.0_L50.0,10,3.0,equivalent_l0_first_zero_diameter,3.0,1.5,3.0,7.34150312367292,14.68300624734584,50.0,0.19751931574637122,0.006564464994032542,not_evaluated_sampling_envelope,,,1.5,3.0,,,,,,,not_evaluated_sampling_envelope,True,marginal,bl_asm,downsampled,2,1024,16.0,16.384,7.925109840928228,31.25,pass,0.25122070312500006,7.799569355087367,15.599138710174733,pass,6.666666666666655,600.0,2.6,marginal,6106108.170242552,0.45,,not_evaluated,No propagated volume was supplied; total-power drift and SAS clipping were not evaluated.,True,,11.941690962099123,15.599138710174733,7.500000000000012,0.25122070312500006,pass,general
sampling_feasibility_envelope,ell10_D3.0_L100.0,10,3.0,equivalent_l0_first_zero_diameter,3.0,1.5,3.0,7.34150312367292,14.68300624734584,100.0,0.39503393684376026,0.013128929988065084,not_evaluated_sampling_envelope,,,1.5,3.0,,,,,,,not_evaluated_sampling_envelope,True,marginal,bl_asm,downsampled,2,1024,16.0,16.384,9.600219681856455,31.25,pass,0.25122070312500006,7.799569355087367,15.599138710174733,pass,6.666666666666655,600.0,2.6,marginal,6106108.170242552,0.45,,not_evaluated,No propagated volume was supplied; total-power drift and SAS clipping were not evaluated.,True,,11.941690962099123,15.599138710174733,15.000000000000025,0.25122070312500006,pass,general
sampling_feasibility_envelope,ell10_D3.0_L150.0,10,3.0,equivalent_l0_first_zero_diameter,3.0,1.5,3.0,7.34150312367292,14.68300624734584,150.0,0.5925391693126465,0.019693394982097625,not_evaluated_sampling_envelope,,,1.5,3.0,,,,,,,not_evaluated_sampling_envelope,True,marginal,bl_asm,downsampled,2,1024,16.0,16.384,11.275329522784684,31.25,pass,0.25122070312500006,7.799569355087367,15.599138710174733,pass,6.666666666666655,600.0,2.6,pass,6106108.170242552,0.45,,not_evaluated,No propagated volume was supplied; total-power drift and SAS clipping were not evaluated.,True,,11.941690962099123,15.599138710174733,22.50000000000004,0.25122070312500006,pass,general
sampling_feasibility_envelope,ell10_D3.0_L300.0,10,3.0,equivalent_l0_first_zero_diameter,3.0,1.5,3.0,7.34150312367292,14.68300624734584,300.0,1.184951619245102,0.03938678996419525,not_evaluated_sampling_envelope,,,1.5,3.0,,,,,,,not_evaluated_sampling_envelope,True,marginal,bl_asm,downsampled,2,1024,16.0,16.384,16.30065904556937,31.25,pass,0.25122070312500006,7.799569355087367,15.599138710174733,pass,8.66666666666667,780.0,2.6,pass,6106108.170242552,0.45,,not_evaluated,No propagated volume was supplied; total-power drift and SAS clipping were not evaluated.,True,,11.941690962099123,15.599138710174733,34.6153846153846,0.25122070312500006,pass,general
sampling_feasibility_envelope,ell10_D3.0_L500.0,10,3.0,equivalent_l0_first_zero_diameter,3.0,1.5,3.0,7.34150312367292,14.68300624734584,500.0,1.9744190701859103,0.06564464994032541,not_evaluated_sampling_envelope,,,1.5,3.0,,,,,,,not_evaluated_sampling_envelope,False,marginal,bl_asm,downsampled,2,1024,16.0,16.384,23.001098409282278,31.25,pass,0.25122070312500006,7.799569355087367,15.599138710174733,pass,14.444444444444423,1300.0000000000002,2.6,pass,6106108.170242552,0.45,,not_evaluated,No propagated volume was supplied; total-power drift and SAS clipping were not evaluated.,True,,11.941690962099123,15.599138710174733,34.61538461538467,0.25122070312500006,pass,general
sampling_feasibility_envelope,ell10_D3.0_L800.0,10,3.0,equivalent_l0_first_zero_diameter,3.0,1.5,3.0,7.34150312367292,14.68300624734584,800.0,3.157122414581327,0.10503143990452067,not_evaluated_sampling_envelope,,,1.5,3.0,,,,,,,not_evaluated_sampling_envelope,False,fail,bl_asm,downsampled,2,1024,16.0,16.384,33.05175745485164,31.25,fail,0.25122070312500006,7.799569355087367,15.599138710174733,pass,23.11111111111112,2080.0,2.6,pass,6106108.170242552,0.45,,not_evaluated,No propagated volume was supplied; total-power drift and SAS clipping were not evaluated.,True,,11.941690962099123,15.599138710174733,34.6153846153846,0.25122070312500006,pass,general
sampling_feasibility_envelope,ell10_D4.0_L50.0,10,4.0,equivalent_l0_first_zero_diameter,4.0,2.0,4.0,9.788670831563893,19.577341663127786,50.0,0.11110491598080227,0.004923348745524406,not_evaluated_sampling_envelope,,,2.0,4.0,,,,,,,not_evaluated_sampling_envelope,True,marginal,bl_asm,downsampled,2,1024,16.0,16.384,7.192249285522129,31.25,pass,0.25122070312500006,10.399425806783155,20.798851613566313,pass,6.666666666666655,600.0,2.6,marginal,6106108.170242552,0.45,,not_evaluated,No propagated volume was supplied; total-power drift and SAS clipping were not evaluated.,True,,15.922254616132163,20.798851613566313,7.500000000000012,0.25122070312500006,pass,general
sampling_feasibility_envelope,ell10_D4.0_L100.0,10,4.0,equivalent_l0_first_zero_diameter,4.0,2.0,4.0,9.788670831563893,19.577341663127786,100.0,0.22220899639458336,0.009846697491048812,not_evaluated_sampling_envelope,,,2.0,4.0,,,,,,,not_evaluated_sampling_envelope,True,marginal,bl_asm,downsampled,2,1024,16.0,16.384,8.134498571044258,31.25,pass,0.25122070312500006,10.399425806783155,20.798851613566313,pass,6.666666666666655,600.0,2.6,marginal,6106108.170242552,0.45,,not_evaluated,No propagated volume was supplied; total-power drift and SAS clipping were not evaluated.,True,,15.922254616132163,20.798851613566313,15.000000000000025,0.25122070312500006,pass,general
sampling_feasibility_envelope,ell10_D4.0_L150.0,10,4.0,equivalent_l0_first_zero_diameter,4.0,2.0,4.0,9.788670831563893,19.577341663127786,150.0,0.3333114057120248,0.01477004623657322,not_evaluated_sampling_envelope,,,2.0,4.0,,,,,,,not_evaluated_sampling_envelope,True,marginal,bl_asm,downsampled,2,1024,16.0,16.384,9.076747856566387,31.25,pass,0.25122070312500006,10.399425806783155,20.798851613566313,pass,6.666666666666655,600.0,2.6,pass,6106108.170242552,0.45,,not_evaluated,No propagated volume was supplied; total-power drift and SAS clipping were not evaluated.,True,,15.922254616132163,20.798851613566313,22.50000000000004,0.25122070312500006,pass,general
sampling_feasibility_envelope,ell10_D4.0_L300.0,10,4.0,equivalent_l0_first_zero_diameter,4.0,2.0,4.0,9.788670831563893,19.577341663127786,300.0,0.6666002531502747,0.02954009247314644,not_evaluated_sampling_envelope,,,2.0,4.0,,,,,,,not_evaluated_sampling_envelope,True,marginal,bl_asm,downsampled,2,1024,16.0,16.384,11.90349571313277,31.25,pass,0.25122070312500006,10.399425806783155,20.798851613566313,pass,8.66666666666667,780.0,2.6,pass,6106108.170242552,0.45,,not_evaluated,No propagated volume was supplied; total-power drift and SAS clipping were not evaluated.,True,,15.922254616132163,20.798851613566313,34.6153846153846,0.25122070312500006,pass,general
sampling_feasibility_envelope,ell10_D4.0_L500.0,10,4.0,equivalent_l0_first_zero_diameter,4.0,2.0,4.0,9.788670831563893,19.577341663127786,500.0,1.1109113211028379,0.04923348745524407,not_evaluated_sampling_envelope,,,2.0,4.0,,,,,,,not_evaluated_sampling_envelope,False,marginal,bl_asm,downsampled,2,1024,16.0,16.384,15.672492855221284,31.25,pass,0.25122070312500006,10.399425806783155,20.798851613566313,pass,14.444444444444423,1300.0000000000002,2.6,pass,6106108.170242552,0.45,,not_evaluated,No propagated volume was supplied; total-power drift and SAS clipping were not evaluated.,True,,15.922254616132163,20.798851613566313,34.61538461538467,0.25122070312500006,pass,general
sampling_feasibility_envelope,ell10_D4.0_L800.0,10,4.0,equivalent_l0_first_zero_diameter,4.0,2.0,4.0,9.788670831563893,19.577341663127786,800.0,1.7771107929417682,0.0787735799283905,not_evaluated_sampling_envelope,,,2.0,4.0,,,,,,,not_evaluated_sampling_envelope,False,marginal,bl_asm,downsampled,2,1024,16.0,16.384,21.325988568354052,31.25,pass,0.25122070312500006,10.399425806783155,20.798851613566313,pass,23.11111111111112,2080.0,2.6,pass,6106108.170242552,0.45,,not_evaluated,No propagated volume was supplied; total-power drift and SAS clipping were not evaluated.,True,,15.922254616132163,20.798851613566313,34.6153846153846,0.25122070312500006,pass,general
sampling_feasibility_envelope,ell10_D6.0_L50.0,10,6.0,equivalent_l0_first_zero_diameter,6.0,3.0,6.0,14.68300624734584,29.36601249469168,50.0,0.04938001232646751,0.003282232497016271,not_evaluated_sampling_envelope,,,3.0,6.0,,,,,,,not_evaluated_sampling_envelope,True,marginal,bl_asm,downsampled,2,1024,16.0,16.384,6.668777460232058,31.25,pass,0.25122070312500006,15.599138710174733,31.198277420349466,pass,6.666666666666655,600.0,2.6,marginal,6106108.170242552,0.45,,not_evaluated,No propagated volume was supplied; total-power drift and SAS clipping were not evaluated.,True,,23.883381924198247,31.198277420349466,7.500000000000012,0.25122070312500006,pass,general
sampling_feasibility_envelope,ell10_D6.0_L100.0,10,6.0,equivalent_l0_first_zero_diameter,6.0,3.0,6.0,14.68300624734584,29.36601249469168,100.0,0.09875995129659283,0.006564464994032542,not_evaluated_sampling_envelope,,,3.0,6.0,,,,,,,not_evaluated_sampling_envelope,True,marginal,bl_asm,downsampled,2,1024,16.0,16.384,7.087554920464115,31.25,pass,0.25122070312500006,15.599138710174733,31.198277420349466,pass,6.666666666666655,600.0,2.6,marginal,6106108.170242552,0.45,,not_evaluated,No propagated volume was supplied; total-power drift and SAS clipping were not evaluated.,True,,23.883381924198247,31.198277420349466,15.000000000000025,0.25122070312500006,pass,general
sampling_feasibility_envelope,ell10_D6.0_L150.0,10,6.0,equivalent_l0_first_zero_diameter,6.0,3.0,6.0,14.68300624734584,29.36601249469168,150.0,0.14813974355468765,0.009846697491048812,not_evaluated_sampling_envelope,,,3.0,6.0,,,,,,,not_evaluated_sampling_envelope,True,marginal,bl_asm,downsampled,2,1024,16.0,16.384,7.506332380696172,31.25,pass,0.25122070312500006,15.599138710174733,31.198277420349466,pass,6.666666666666655,600.0,2.6,pass,6106108.170242552,0.45,,not_evaluated,No propagated volume was supplied; total-power drift and SAS clipping were not evaluated.,True,,23.883381924198247,31.198277420349466,22.50000000000004,0.25122070312500006,pass,general
sampling_feasibility_envelope,ell10_D6.0_L300.0,10,6.0,equivalent_l0_first_zero_diameter,6.0,3.0,6.0,14.68300624734584,29.36601249469168,300.0,0.2962775065234433,0.019693394982097625,not_evaluated_sampling_envelope,,,3.0,6.0,,,,,,,not_evaluated_sampling_envelope,True,marginal,bl_asm,downsampled,2,1024,16.0,16.384,8.762664761392344,31.25,pass,0.25122070312500006,15.599138710174733,31.198277420349466,pass,8.66666666666667,780.0,2.6,pass,6106108.170242552,0.45,,not_evaluated,No propagated volume was supplied; total-power drift and SAS clipping were not evaluated.,True,,23.883381924198247,31.198277420349466,34.6153846153846,0.25122070312500006,pass,general
sampling_feasibility_envelope,ell10_D6.0_L500.0,10,6.0,equivalent_l0_first_zero_diameter,6.0,3.0,6.0,14.68300624734584,29.36601249469168,500.0,0.49378801998603367,0.03282232497016271,not_evaluated_sampling_envelope,,,3.0,6.0,,,,,,,not_evaluated_sampling_envelope,False,marginal,bl_asm,downsampled,2,1024,16.0,16.384,10.43777460232057,31.25,pass,0.25122070312500006,15.599138710174733,31.198277420349466,pass,14.444444444444423,1300.0000000000002,2.6,pass,6106108.170242552,0.45,,not_evaluated,No propagated volume was supplied; total-power drift and SAS clipping were not evaluated.,True,,23.883381924198247,31.198277420349466,34.61538461538467,0.25122070312500006,pass,general
sampling_feasibility_envelope,ell10_D6.0_L800.0,10,6.0,equivalent_l0_first_zero_diameter,6.0,3.0,6.0,14.68300624734584,29.36601249469168,800.0,0.790030320512193,0.052515719952260335,not_evaluated_sampling_envelope,,,3.0,6.0,,,,,,,not_evaluated_sampling_envelope,False,marginal,bl_asm,downsampled,2,1024,16.0,16.384,12.95043936371291,31.25,pass,0.25122070312500006,15.599138710174733,31.198277420349466,pass,23.11111111111112,2080.0,2.6,pass,6106108.170242552,0.45,,not_evaluated,No propagated volume was supplied; total-power drift and SAS clipping were not evaluated.,True,,23.883381924198247,31.198277420349466,34.6153846153846,0.25122070312500006,pass,general
sampling_feasibility_envelope,ell10_D8.0_L50.0,10,8.0,equivalent_l0_first_zero_diameter,8.0,4.0,8.0,19.577341663127786,39.15468332625557,50.0,0.02777626163482729,0.002461674372762203,not_evaluated_sampling_envelope,,,4.0,8.0,,,,,,,not_evaluated_sampling_envelope,False,marginal,bl_asm,downsampled,2,1024,16.0,16.384,6.485562321380533,31.25,pass,0.25122070312500006,20.79885161356631,41.59770322713263,pass,6.666666666666655,600.0,2.6,marginal,6106108.170242552,0.45,,not_evaluated,No propagated volume was supplied; total-power drift and SAS clipping were not evaluated.,True,,31.844509232264326,41.59770322713263,7.500000000000012,0.25122070312500006,pass,general
sampling_feasibility_envelope,ell10_D8.0_L100.0,10,8.0,equivalent_l0_first_zero_diameter,8.0,4.0,8.0,19.577341663127786,39.15468332625557,100.0,0.0555525102137818,0.004923348745524406,not_evaluated_sampling_envelope,,,4.0,8.0,,,,,,,not_evaluated_sampling_envelope,False,marginal,bl_asm,downsampled,2,1024,16.0,16.384,6.721124642761065,31.25,pass,0.25122070312500006,20.79885161356631,41.59770322713263,pass,6.666666666666655,600.0,2.6,marginal,6106108.170242552,0.45,,not_evaluated,No propagated volume was supplied; total-power drift and SAS clipping were not evaluated.,True,,31.844509232264326,41.59770322713263,15.000000000000025,0.25122070312500006,pass,general
sampling_feasibility_envelope,ell10_D8.0_L150.0,10,8.0,equivalent_l0_first_zero_diameter,8.0,4.0,8.0,19.577341663127786,39.15468332625557,150.0,0.08332873268102757,0.00738502311828661,not_evaluated_sampling_envelope,,,4.0,8.0,,,,,,,not_evaluated_sampling_envelope,False,marginal,bl_asm,downsampled,2,1024,16.0,16.384,6.956686964141597,31.25,pass,0.25122070312500006,20.79885161356631,41.59770322713263,pass,6.666666666666655,600.0,2.6,pass,6106108.170242552,0.45,,not_evaluated,No propagated volume was supplied; total-power drift and SAS clipping were not evaluated.,True,,31.844509232264326,41.59770322713263,22.50000000000004,0.25122070312500006,pass,general
sampling_feasibility_envelope,ell10_D8.0_L300.0,10,8.0,equivalent_l0_first_zero_diameter,8.0,4.0,8.0,19.577341663127786,39.15468332625557,300.0,0.16665711285547832,0.01477004623657322,not_evaluated_sampling_envelope,,,4.0,8.0,,,,,,,not_evaluated_sampling_envelope,False,marginal,bl_asm,downsampled,2,1024,16.0,16.384,7.663373928283193,31.25,pass,0.25122070312500006,20.79885161356631,41.59770322713263,pass,8.66666666666667,780.0,2.6,pass,6106108.170242552,0.45,,not_evaluated,No propagated volume was supplied; total-power drift and SAS clipping were not evaluated.,True,,31.844509232264326,41.59770322713263,34.6153846153846,0.25122070312500006,pass,general
sampling_feasibility_envelope,ell10_D8.0_L500.0,10,8.0,equivalent_l0_first_zero_diameter,8.0,4.0,8.0,19.577341663127786,39.15468332625557,500.0,0.27776046215842537,0.024616743727622035,not_evaluated_sampling_envelope,,,4.0,8.0,,,,,,,not_evaluated_sampling_envelope,False,marginal,bl_asm,downsampled,2,1024,16.0,16.384,8.605623213805321,31.25,pass,0.25122070312500006,20.79885161356631,41.59770322713263,pass,14.444444444444423,1300.0000000000002,2.6,pass,6106108.170242552,0.45,,not_evaluated,No propagated volume was supplied; total-power drift and SAS clipping were not evaluated.,True,,31.844509232264326,41.59770322713263,34.61538461538467,0.25122070312500006,pass,general
sampling_feasibility_envelope,ell10_D8.0_L800.0,10,8.0,equivalent_l0_first_zero_diameter,8.0,4.0,8.0,19.577341663127786,39.15468332625557,800.0,0.44441130847920957,0.03938678996419525,not_evaluated_sampling_envelope,,,4.0,8.0,,,,,,,not_evaluated_sampling_envelope,False,marginal,bl_asm,downsampled,2,1024,16.0,16.384,10.018997142088514,31.25,pass,0.25122070312500006,20.79885161356631,41.59770322713263,pass,23.11111111111112,2080.0,2.6,pass,6106108.170242552,0.45,,not_evaluated,No propagated volume was supplied; total-power drift and SAS clipping were not evaluated.,True,,31.844509232264326,41.59770322713263,34.6153846153846,0.25122070312500006,pass,general
